"[-167.7253875732422, 108.5245361328125, -2.592489004135132, 29.882583618164062, 15.304749488830566, 10.596318244934082, -5.0213446617126465, 9.19670295715332, 0.9547243714332581, -5.0184807777404785, -9.122615814208984, 2.277677297592163, -3.868170976638794, 4.812551975250244, -0.2106117159128189, -0.44217827916145325, -4.522958755493164, 3.3821983337402344, -2.4060378074645996, -1.819196343421936]",Alfonso Obregon
"[-185.80735778808594, 88.53428649902344, 8.415104866027832, 26.82457733154297, 10.951730728149414, 5.186977386474609, -5.2848286628723145, -4.168457508087158, -8.924821853637695, 5.079476356506348, -12.396411895751953, 4.23415994644165, -2.266946792602539, -4.365391254425049, 1.1239902973175049, -3.3187692165374756, -7.162385940551758, 2.7209839820861816, -3.537554979324341, 0.8464676141738892]",Alfonso Obregon
"[-353.3516540527344, 78.62316131591797, -2.6841979026794434, 21.44414520263672, 3.0032382011413574, -2.0190646648406982, -10.168938636779785, -5.876368999481201, -13.623018264770508, -3.254465103149414, -11.371456146240234, -0.2796994149684906, -8.851602554321289, -6.977324485778809, -4.484187126159668, -9.794272422790527, -8.500227928161621, -2.4533514976501465, -5.070343494415283, -5.995330333709717]",Alfonso Obregon
"[-250.55882263183594, 107.31167602539062, -37.47625732421875, 18.411828994750977, 9.83695125579834, 0.19110366702079773, 4.347442150115967, 5.114114284515381, -0.9057918190956116, -2.3682734966278076, -3.4498016834259033, 14.626885414123535, -4.567184925079346, 2.0413663387298584, 0.103826142847538, 3.3101749420166016, -2.844775438308716, 2.5958268642425537, -2.7756433486938477, -0.2812413275241852]",Alfonso Obregon
"[-248.4300994873047, 121.96743774414062, -11.566495895385742, 40.96357345581055, 0.09124884009361267, -3.5538101196289062, -9.92448902130127, -17.235980987548828, -13.722155570983887, -9.458931922912598, -15.411476135253906, 0.8930200934410095, -6.061321258544922, -5.025654315948486, -2.214715003967285, -6.463083267211914, -2.3712308406829834, 0.5867925882339478, -2.1394827365875244, -2.2359724044799805]",Alfonso Obregon
"[-182.86422729492188, 84.39627838134766, -21.475919723510742, 35.932594299316406, -7.204793453216553, -0.6146401762962341, -16.594308853149414, -12.173078536987305, -23.641788482666016, -16.0924015045166, -18.4500732421875, -2.144655227661133, -7.2301411628723145, -11.497184753417969, -1.9601949453353882, -0.7827463746070862, -5.274112701416016, 5.04437780380249, -7.406646728515625, -2.561556577682495]",Alfonso Obregon
"[-256.35015869140625, 116.79989624023438, 2.4227688312530518, 20.730289459228516, 0.3617596924304962, 5.380774021148682, -12.082650184631348, -10.836859703063965, -11.354244232177734, 2.807408571243286, -17.48048973083496, -1.2800275087356567, -5.654849529266357, -7.568731307983398, 2.8618290424346924, -0.9215272068977356, -6.180207252502441, 1.0793554782867432, -2.4903128147125244, -0.4921300709247589]",Alfonso Obregon
"[-225.3430938720703, 82.30029296875, -48.93096160888672, -9.380073547363281, -2.6412665843963623, 7.840515613555908, -3.4748919010162354, -2.9094431400299072, -13.698582649230957, 1.057237982749939, 4.9579572677612305, -8.696375846862793, -8.419706344604492, 9.678495407104492, -10.162083625793457, 4.285076141357422, -0.6824615597724915, 9.986577033996582, 3.390617609024048, -3.029892921447754]",Alfonso Obregon
"[-175.3901824951172, 124.08895874023438, -19.714508056640625, 15.118142127990723, -14.494888305664062, 0.12435206770896912, -6.5896992683410645, -3.808234214782715, -7.470085144042969, 4.502173900604248, -6.223123073577881, 6.212325572967529, -6.8712334632873535, -5.08648157119751, -3.0459282398223877, -1.1305160522460938, -6.007358074188232, 2.6960935592651367, -3.3789851665496826, -0.8714097142219543]",Alfonso Obregon
"[-357.4469299316406, 66.84201049804688, -7.439674377441406, 11.297747611999512, -2.722745418548584, -8.571670532226562, -3.806488513946533, -8.303284645080566, -14.044992446899414, -6.506341934204102, -15.893135070800781, -0.12097378820180893, -10.590533256530762, -5.911680698394775, -1.2153112888336182, -8.020085334777832, -4.884106159210205, -4.39800500869751, -8.764561653137207, -4.813692092895508]",Alfonso Obregon
"[-196.72373962402344, 70.09593963623047, -33.56317901611328, 19.74079704284668, 1.3171066045761108, -3.1881258487701416, 1.442172646522522, -7.222626686096191, -3.7145533561706543, 4.278879165649414, -5.6479973793029785, 0.8213630318641663, 0.5411187410354614, -1.9732396602630615, 3.8741343021392822, 3.6092422008514404, 2.853745698928833, 7.949635028839111, -2.708181619644165, 10.973969459533691]",Alfonso Obregon
"[-203.2357635498047, 79.3311767578125, -43.58681106567383, 17.843677520751953, 5.368006229400635, -4.99163818359375, 7.9561638832092285, -4.3886590003967285, -7.508908748626709, 1.8819315433502197, -5.352962017059326, 0.48534518480300903, 3.8536536693573, 7.901317596435547, 6.94581413269043, 3.0493502616882324, 0.35127854347229004, 4.044736862182617, -6.808666229248047, 2.074247121810913]",Alfonso Obregon
"[-206.51918029785156, 90.23018646240234, -7.188389301300049, 3.567272186279297, -3.9544429779052734, -5.464917182922363, -11.478801727294922, -3.060563087463379, -10.395694732666016, -5.307518482208252, -7.87293004989624, -1.0720449686050415, -8.427606582641602, -1.083984136581421, -1.5911363363265991, -4.9093780517578125, -7.613526821136475, 0.28406187891960144, -3.202047824859619, -0.27757367491722107]",Alfonso Obregon
"[-194.03976440429688, 106.65975189208984, -16.410865783691406, 8.198526382446289, -0.12618756294250488, -5.370176792144775, -9.75965404510498, -8.27330207824707, -13.782999992370605, 6.135337829589844, -4.547918319702148, -3.2887918949127197, 0.3686280846595764, -2.774784564971924, -2.9747676849365234, -1.1723456382751465, -7.160069465637207, 2.814197301864624, -1.543207049369812, 0.40747150778770447]",Alfonso Obregon
"[-408.2366638183594, 38.442832946777344, 2.3993096351623535, 13.826215744018555, 10.513971328735352, 4.4247050285339355, -3.1609814167022705, -3.354172468185425, -8.932809829711914, -4.089377403259277, -10.551326751708984, -1.7975305318832397, -6.586760520935059, -3.848376750946045, 0.4511576294898987, -3.451409339904785, -3.697876214981079, -0.6295135617256165, -4.0235514640808105, -3.0425028800964355]",Alfonso Obregon
"[-208.2869415283203, 101.42079162597656, -20.171045303344727, 25.856164932250977, -8.123112678527832, 7.713717460632324, -8.448677062988281, 0.6468271017074585, -5.372509002685547, -0.398430198431015, -7.460611343383789, -5.100790023803711, -8.507919311523438, -4.072328090667725, -4.4360737800598145, -1.556404948234558, -7.400573253631592, 0.663425087928772, -1.155687928199768, -1.2984559535980225]",Alfonso Obregon
"[-316.576416015625, 76.59419250488281, 0.4748727083206177, 24.44884490966797, 8.34484577178955, 8.439770698547363, -5.674954891204834, 0.6308468580245972, -5.967385292053223, -4.858711242675781, -11.986273765563965, -0.5461958646774292, -10.541419982910156, -5.410159587860107, -2.2455360889434814, -1.3420414924621582, -7.618333339691162, -0.9571698904037476, 0.5720371603965759, -6.997297286987305]",Alfonso Obregon
"[-226.5544891357422, 75.02438354492188, 4.868670463562012, 31.23872184753418, 30.387386322021484, -18.402395248413086, -6.298652172088623, -2.922029495239258, -20.74230194091797, -8.765155792236328, -10.70992374420166, -11.646952629089355, -5.734261512756348, -4.112718105316162, -9.120246887207031, 0.7875245809555054, -11.072142601013184, -4.974239826202393, -7.732555866241455, -4.6382365226745605]",Antonio banderas
"[-238.78277587890625, 106.8753890991211, -14.15127182006836, 7.734956741333008, 9.907737731933594, -15.045286178588867, -18.742511749267578, -9.700387954711914, -23.1965274810791, -7.600519180297852, -6.8736252784729, -8.035470008850098, -5.534063339233398, -11.882401466369629, -4.917839050292969, -5.050205230712891, -17.374841690063477, -2.6020078659057617, -6.90690803527832, -8.182400703430176]",Antonio banderas
"[-232.0035400390625, 71.12950897216797, -38.40022659301758, -1.8185651302337646, -3.556791305541992, -15.896563529968262, -23.376283645629883, -4.376810073852539, -28.840011596679688, -10.543145179748535, -8.303915977478027, -10.380958557128906, -10.186399459838867, -4.9822869300842285, -13.316869735717773, -1.0309944152832031, -16.888776779174805, -7.0020976066589355, -0.6528704762458801, -4.532872200012207]",Antonio banderas
"[-194.17892456054688, 125.96859741210938, -15.06821060180664, 9.778629302978516, 10.987357139587402, -19.648019790649414, -18.733423233032227, -15.390439987182617, -31.17911148071289, -10.433831214904785, -9.024308204650879, -11.065207481384277, -6.29538631439209, -12.064925193786621, -3.866765022277832, -0.4098491072654724, -23.491077423095703, -0.10253991186618805, -10.606328010559082, -6.549410820007324]",Antonio banderas
"[-243.1361846923828, 88.2469482421875, -3.1305129528045654, 8.49838924407959, 10.800958633422852, -8.320972442626953, -19.19939422607422, -5.275670051574707, -25.06026268005371, -6.792565822601318, -8.134400367736816, -12.12539291381836, -9.160358428955078, -2.686887741088867, -10.673993110656738, -0.08550440520048141, -14.292070388793945, -4.362819194793701, -7.269621849060059, -12.109217643737793]",Antonio banderas
"[-320.20379638671875, 68.41031646728516, -14.525247573852539, 6.482334136962891, 3.128206729888916, -13.245595932006836, -19.040529251098633, -3.8169596195220947, -16.488325119018555, -7.88032341003418, -11.080655097961426, -10.641169548034668, -9.024823188781738, -7.408227443695068, -6.312647342681885, -2.7738728523254395, -7.946890830993652, -3.6259448528289795, -6.242582321166992, -7.252472400665283]",Antonio banderas
"[-287.5539245605469, 91.65846252441406, 0.8121965527534485, 9.554503440856934, 14.87315845489502, -5.472024917602539, -13.798223495483398, -4.1439409255981445, -20.829591751098633, -10.631855010986328, -3.1943681240081787, -10.787699699401855, -5.681872844696045, -4.555963039398193, -5.95183801651001, -2.2212369441986084, -13.28641128540039, -6.439916133880615, -7.017471790313721, -6.77882194519043]",Antonio banderas
"[-252.9802703857422, 94.10858154296875, -2.937474489212036, 13.419594764709473, 7.466524600982666, -14.363687515258789, -16.31670570373535, -0.15072491765022278, -25.760618209838867, -12.565792083740234, -8.429130554199219, -14.201322555541992, -10.464682579040527, -6.284470081329346, -9.651368141174316, -6.134277820587158, -12.704569816589355, -5.422727584838867, -10.08826732635498, -4.841529369354248]",Antonio banderas
"[-280.5187072753906, 87.23817443847656, 10.240945816040039, 9.807374954223633, 3.7672176361083984, -9.77587604522705, -9.91298770904541, -1.2151802778244019, -27.582561492919922, -10.693016052246094, -5.438723564147949, -5.876758098602295, -9.908588409423828, -5.1800689697265625, -3.415827512741089, -4.461819648742676, -9.794964790344238, -6.350582599639893, -9.509099006652832, -6.3658127784729]",Antonio banderas
"[-249.9021453857422, 92.02086639404297, -4.762698173522949, 7.1129255294799805, 5.300851821899414, -20.51464080810547, -30.74773406982422, 0.4296848475933075, -27.78543472290039, -16.463838577270508, -9.010706901550293, -13.89883041381836, -10.24464225769043, -7.27215576171875, -10.362628936767578, -3.353348731994629, -13.526680946350098, -5.874568462371826, -11.04926872253418, -8.677755355834961]",Antonio banderas
"[-308.7835693359375, 89.06269073486328, 7.418383598327637, 18.62902069091797, 15.428590774536133, -14.253266334533691, -6.7292680740356445, -4.805751800537109, -18.652481079101562, -6.226233959197998, -8.505664825439453, -7.905349254608154, -8.116198539733887, -4.874090671539307, -8.62783432006836, -0.39647936820983887, -9.274341583251953, -3.3030130863189697, -7.85871696472168, -5.787062168121338]",Antonio banderas
"[-317.1253967285156, 78.9311752319336, -22.751497268676758, 7.604964256286621, -3.5467545986175537, -12.674273490905762, -13.327563285827637, -5.642554759979248, -15.942508697509766, -5.7661943435668945, -8.42679214477539, -9.048152923583984, -6.193299770355225, -8.23791217803955, -8.23923397064209, -1.8120025396347046, -8.314138412475586, -1.741692066192627, -1.5966931581497192, -5.099487781524658]",Antonio banderas
"[-194.79226684570312, 86.55349731445312, -30.691648483276367, -2.5655298233032227, -6.226327419281006, -22.433473587036133, -24.21997833251953, -21.65494728088379, -28.200395584106445, -13.014959335327148, -17.36725616455078, -14.94234561920166, -14.576936721801758, -11.604581832885742, -13.897200584411621, -5.717920780181885, -12.71639633178711, -13.21102523803711, -10.441655158996582, -8.353950500488281]",Antonio banderas
"[-212.03359985351562, 76.56159210205078, 10.489899635314941, 32.634986877441406, 24.611133575439453, -6.0934882164001465, -9.886031150817871, -3.377528429031372, -16.479703903198242, -5.507675647735596, -9.711068153381348, -9.675214767456055, -6.2006402015686035, -5.602171897888184, -4.896763324737549, -0.33003249764442444, -10.58023452758789, -2.395962715148926, -4.639908790588379, -5.941971302032471]",Antonio banderas
"[-215.59190368652344, 109.41912841796875, 12.38532829284668, 38.916900634765625, 24.353029251098633, -13.414196968078613, -2.2720470428466797, -6.050405025482178, -23.795875549316406, 1.5127065181732178, -13.21403694152832, -8.930669784545898, -5.618259906768799, -1.4826833009719849, -2.246189832687378, -0.6715027689933777, -9.550155639648438, -0.9098878502845764, -5.373051166534424, -5.178675174713135]",Antonio banderas
"[-208.2147216796875, 106.43997955322266, 18.37418556213379, 30.317852020263672, 24.716289520263672, -9.833606719970703, -2.469015598297119, -1.1078332662582397, -24.826061248779297, -1.0970793962478638, -11.49402141571045, -8.718156814575195, -7.231410980224609, -2.9387753009796143, -5.269949913024902, -5.555342197418213, -9.382452011108398, -0.7126436233520508, -4.914618015289307, -2.775557518005371]",Antonio banderas
"[-399.2970886230469, 47.82086181640625, 12.087637901306152, 0.3225049078464508, 2.600911855697632, -7.2754693031311035, 1.4103729724884033, 2.62915301322937, -11.892925262451172, 1.249550223350525, -3.944120407104492, -5.027078628540039, -1.8653674125671387, 0.4571678042411804, -0.2824440896511078, -0.9801161885261536, -4.19539213180542, -2.599362850189209, -0.5188544988632202, -4.728664398193359]",Antonio banderas
"[-284.6863708496094, 145.2830810546875, -83.72357177734375, 64.21321868896484, 2.602790594100952, 1.3052539825439453, -4.541492462158203, -12.948359489440918, -2.716829299926758, -3.1228220462799072, -1.761546015739441, -10.507316589355469, -0.9858875870704651, -12.750551223754883, -12.917531967163086, -4.017016410827637, -5.2956013679504395, -5.997500419616699, -5.081652641296387, -6.493459224700928]",Arturo Mercado
"[-258.9107971191406, 155.62857055664062, -66.5548324584961, 0.34801575541496277, -12.069796562194824, -21.13871192932129, -17.455303192138672, -17.357276916503906, -12.597832679748535, -7.896866798400879, -3.9925644397735596, -3.080092191696167, -5.165366172790527, 1.732329249382019, 0.41564011573791504, -2.7143054008483887, -4.776458740234375, -3.0668768882751465, -5.121402740478516, -4.033012390136719]",Arturo Mercado
"[-330.3124694824219, 85.07659149169922, 3.357051372528076, 37.169281005859375, -0.7546952962875366, 4.6272149085998535, -19.444929122924805, 0.6235483288764954, -15.685992240905762, -7.664500713348389, -13.073156356811523, -5.059991359710693, -8.633498191833496, -3.4810688495635986, -7.366596221923828, -1.5766459703445435, -9.526655197143555, -1.6438895463943481, -7.5012526512146, -0.9303222298622131]",Arturo Mercado
"[-294.5557861328125, 82.02991485595703, -23.00220489501953, 4.1156744956970215, -34.79851150512695, 13.618616104125977, -26.892045974731445, -7.2958879470825195, -14.693293571472168, 12.254584312438965, 4.841986656188965, 31.28835105895996, 16.14365005493164, 25.942123413085938, -3.482776165008545, -10.056249618530273, -4.570727825164795, 4.183077335357666, 0.06383852660655975, -4.312346458435059]",Arturo Mercado
"[-201.6323699951172, 91.67369842529297, -29.732322692871094, 20.380578994750977, -0.8205159902572632, 2.960721492767334, -12.405732154846191, 2.951483964920044, -8.404600143432617, 2.7528276443481445, -2.1018190383911133, 5.817179203033447, -0.32267671823501587, 5.035699844360352, 7.587614059448242, 6.38130521774292, -1.0647262334823608, 6.262038230895996, 0.598548948764801, 4.02996826171875]",Arturo Mercado
"[-311.378173828125, 110.48318481445312, -31.982532501220703, 21.219329833984375, -12.544351577758789, 2.155383586883545, -15.813814163208008, 1.7035189867019653, -12.968085289001465, -1.5894097089767456, -7.2436041831970215, -0.4458371698856354, -0.6385829448699951, -0.10119915753602982, 2.256366014480591, 0.24088837206363678, -4.724552154541016, -1.0881537199020386, -1.8990387916564941, 0.8908255100250244]",Arturo Mercado
"[-225.51914978027344, 156.59738159179688, -8.945201873779297, 27.87197494506836, 23.513010025024414, 3.980778217315674, -17.04180908203125, -11.726896286010742, -8.503798484802246, -8.604616165161133, -8.943029403686523, 1.1370539665222168, 2.8148152828216553, -7.117005348205566, 0.7309532165527344, -0.7566254734992981, -14.043999671936035, -4.3023786544799805, -1.1807771921157837, -7.385501861572266]",Arturo Mercado
"[-300.8537292480469, 115.69237518310547, -3.507147789001465, 19.607458114624023, -8.019047737121582, -6.865993976593018, -24.055171966552734, 5.26671838760376, -20.57581329345703, -6.601600170135498, -13.111409187316895, -11.302568435668945, -17.522844314575195, -4.536487102508545, -8.787911415100098, 0.9084139466285706, -3.3462276458740234, 5.359091758728027, -2.9866418838500977, -1.2000700235366821]",Arturo Mercado
"[-276.36328125, 64.97370147705078, -60.264610290527344, 1.0499624013900757, -11.836492538452148, -11.708161354064941, -17.94204330444336, -1.8698017597198486, -10.052420616149902, -4.654827117919922, -2.4376943111419678, 5.806583404541016, -3.066084861755371, 2.4136977195739746, 4.041837692260742, 6.227020263671875, 1.0027539730072021, 6.0476765632629395, 0.8837276101112366, 2.9745945930480957]",Arturo Mercado
"[-297.9463806152344, 168.75013732910156, -93.38343048095703, 21.110498428344727, -18.164716720581055, -9.956782341003418, -11.666125297546387, 5.440790176391602, -4.658689022064209, -2.111330986022949, 7.493530750274658, -3.3905930519104004, 1.1932504177093506, -6.285035610198975, 3.6962404251098633, 1.6476101875305176, 0.6206162571907043, -2.7690906524658203, 0.1399502158164978, -0.8895872235298157]",Arturo Mercado
"[-211.41339111328125, 127.4941177368164, -23.293394088745117, 19.71031951904297, -5.962272644042969, 0.7531813383102417, -19.113849639892578, 2.8706960678100586, -17.434391021728516, 3.244920492172241, -12.221173286437988, -2.270063877105713, -0.25655654072761536, -8.124160766601562, -3.587947130203247, -0.5303521752357483, -5.95180606842041, -0.49707624316215515, -1.586882472038269, -3.602332830429077]",Arturo Mercado
"[-180.23919677734375, 76.48562622070312, -14.372658729553223, 17.558622360229492, -15.25865364074707, 3.8560903072357178, -13.60550594329834, 14.827898979187012, -16.971691131591797, 4.3255391120910645, -5.785368919372559, 1.6695735454559326, -10.798982620239258, 5.05223274230957, -1.8449755907058716, -1.7483092546463013, -1.381946086883545, 1.7484816312789917, -4.6001105308532715, -3.0584616661071777]",Arturo Mercado
"[-265.7857971191406, 112.41949462890625, -82.9206314086914, 45.54537582397461, -35.66206359863281, -5.094695091247559, -23.812612533569336, -10.12543773651123, 1.231846809387207, -8.331830024719238, -3.3254318237304688, -3.0368237495422363, -5.422159671783447, -13.189598083496094, -9.119471549987793, -6.416138648986816, -12.867284774780273, 1.0420923233032227, 3.2989399433135986, -3.9164249897003174]",Arturo Mercado
"[-277.512939453125, 151.58116149902344, -91.92731475830078, 36.315555572509766, -7.189190864562988, -7.46308708190918, 4.153780937194824, -16.43213653564453, -4.869694232940674, -9.262471199035645, 0.4575936794281006, -0.6939959526062012, -0.3455747663974762, -2.232942819595337, -3.3276374340057373, 0.7220088243484497, -6.611577033996582, -4.020386219024658, -5.49331521987915, 0.13174545764923096]",Arturo Mercado
"[-153.9724884033203, 113.99079895019531, -21.13671875, 34.22502136230469, -16.53645133972168, 11.916441917419434, -22.28643798828125, 3.2441043853759766, -9.495265007019043, 4.106037616729736, -12.238792419433594, 5.808217525482178, -9.424683570861816, 1.6125727891921997, -5.826207637786865, -5.424130439758301, -1.296709656715393, -6.1102399826049805, -6.052130699157715, 1.3817931413650513]",Arturo Mercado
"[-225.5283203125, 108.1085433959961, -10.630661964416504, 51.6426887512207, -1.2507835626602173, -17.377670288085938, -14.553074836730957, -4.236081600189209, -4.90391731262207, -4.945179462432861, 3.605494499206543, 7.785667896270752, -27.997364044189453, 8.964897155761719, -0.8072031736373901, -3.5589616298675537, 0.4144880771636963, 1.0101450681686401, -11.183943748474121, 5.060637950897217]",Arturo Mercado
"[-254.5729217529297, 92.6156234741211, -12.553359031677246, 39.95164489746094, 2.8652305603027344, -4.69222354888916, -7.0090742111206055, 0.0024194293655455112, -14.187602996826172, -8.816240310668945, -3.4311234951019287, -4.057985305786133, -5.753363609313965, -0.2988053262233734, -3.772106885910034, 0.6913854479789734, -4.1052656173706055, -1.020263910293579, -4.446566581726074, 1.0291210412979126]",Arturo Mercado
"[-263.84930419921875, 119.49935150146484, -9.949148178100586, -6.708611011505127, -1.2034826278686523, -10.105484962463379, -13.68123722076416, -7.531312465667725, -18.683881759643555, -9.180318832397461, -11.569464683532715, 0.23741526901721954, -5.854078769683838, 1.0260273218154907, -2.492419481277466, -3.460132122039795, -5.237791538238525, 2.5631699562072754, -2.5966591835021973, -3.0185141563415527]",Arturo Mercado
"[-318.23828125, 180.0229949951172, -63.96531295776367, 25.049148559570312, 6.0553717613220215, -17.029691696166992, -7.973535060882568, -26.14248275756836, -1.2195477485656738, -3.1078312397003174, -15.830065727233887, 3.744518756866455, -6.61742639541626, -8.489286422729492, 1.3049330711364746, -15.668210983276367, -7.280243396759033, -3.153404712677002, -5.161165237426758, 2.9709455966949463]",Arturo Mercado
"[-255.81924438476562, 127.24097442626953, -32.52320861816406, 3.112008810043335, -8.484407424926758, -1.723672866821289, -15.750293731689453, -2.195971727371216, -7.551778316497803, -3.703993797302246, -5.041388988494873, 8.153824806213379, -1.500382900238037, 1.7529560327529907, 0.12006676942110062, -3.693746328353882, -3.7802419662475586, -0.8999264240264893, -2.754105567932129, 2.4364469051361084]",Arturo Mercado
"[-324.1101989746094, 65.21636199951172, -9.256027221679688, 20.07663345336914, -12.687901496887207, 6.179574489593506, -8.267906188964844, -4.374552249908447, -6.968665599822998, 0.6006892323493958, -1.4911725521087646, -0.03664586693048477, -2.4405970573425293, 4.617065906524658, -0.7555304169654846, -0.9406883716583252, 2.0034844875335693, 2.311876058578491, -4.784065246582031, 3.152869462966919]",Arturo Mercado
"[-342.86151123046875, 139.75006103515625, 12.933769226074219, -6.4358811378479, 12.350621223449707, 5.5838623046875, -29.96044921875, 3.4552547931671143, -15.329143524169922, -0.7091168165206909, -10.648499488830566, -5.305659770965576, -5.750213146209717, -3.50183367729187, -2.6368720531463623, 2.780717372894287, -10.394283294677734, 1.3511663675308228, -3.5768635272979736, -1.935838222503662]",Arturo Mercado
"[-335.285400390625, 109.79957580566406, 0.6566218733787537, 8.110029220581055, -6.0627851486206055, -4.951781749725342, -6.086922645568848, 5.332904815673828, -21.65228271484375, -6.770816326141357, -11.640406608581543, -0.0003900346055161208, -11.777474403381348, -4.746291160583496, 5.3557281494140625, -0.6087838411331177, -5.490490913391113, -2.4189155101776123, -6.23850679397583, -3.121295928955078]",Arturo Mercado
"[-340.9938659667969, 113.87946319580078, -64.22421264648438, 37.61626434326172, -12.769964218139648, -2.6173393726348877, -32.19749450683594, 6.934373378753662, -28.84613037109375, -4.095341205596924, -11.958474159240723, -1.1729331016540527, -3.0800070762634277, -5.787165641784668, 2.5817365646362305, -7.766958236694336, 0.8092342615127563, -3.331005334854126, 1.2253910303115845, -6.149814128875732]",Arturo Mercado
"[-283.7575378417969, 103.52283477783203, -38.24375915527344, 21.53553581237793, -26.411741256713867, -4.702964782714844, -1.1246142387390137, 6.28649377822876, -16.387609481811523, 7.604164123535156, 5.38791561126709, -6.293801784515381, -2.8210413455963135, 14.43539047241211, 0.052503373473882675, 1.054701328277588, -0.5657738447189331, -1.472121000289917, -1.888148307800293, 1.3302102088928223]",Arturo Mercado
"[-264.15447998046875, 165.3768768310547, -94.96699523925781, 22.718257904052734, -13.876694679260254, -15.598669052124023, -10.655434608459473, -11.458209037780762, 1.2239103317260742, -7.8876729011535645, -1.470517635345459, -8.870519638061523, -11.149077415466309, 0.5799726247787476, -2.518540143966675, -7.641188621520996, 0.38861745595932007, 2.0275087356567383, -2.438931703567505, -5.576959609985352]",Arturo Mercado
"[-225.06736755371094, 165.9885711669922, -81.44557189941406, 22.890743255615234, -9.585543632507324, -10.44705581665039, -4.8372063636779785, -12.851468086242676, -10.985433578491211, -8.192663192749023, -4.073798179626465, -10.22537612915039, -10.687352180480957, -7.127065658569336, -4.48828649520874, -5.453895568847656, -3.076268434524536, -2.413916826248169, -1.4773083925247192, 0.3142896592617035]",Arturo Mercado
"[-217.70960998535156, 184.5967559814453, -42.82991409301758, 24.824024200439453, 9.821460723876953, -8.073793411254883, -4.276946544647217, -20.626644134521484, -24.287641525268555, -4.756152153015137, -19.83833122253418, -0.6362908482551575, -10.436352729797363, -6.774262428283691, -3.6087770462036133, -6.465949058532715, -7.5353193283081055, -10.816704750061035, -7.485433578491211, -3.56951904296875]",Arturo Mercado
"[-442.5180969238281, 103.73773956298828, -7.375577449798584, 21.86239242553711, 13.958013534545898, -0.3780447542667389, -10.799606323242188, -5.369186878204346, -10.70211410522461, 2.796967029571533, -5.30731725692749, 0.8499667048454285, 2.328801155090332, -0.8444818258285522, -1.0412508249282837, 1.1783541440963745, -9.401347160339355, 2.0252575874328613, -0.5407606959342957, -2.394710063934326]",Arturo Mercado
"[-268.7661437988281, 155.20726013183594, -104.50547790527344, 0.2882850170135498, -7.614785194396973, -2.7358474731445312, -17.19042205810547, -4.291041374206543, -10.274060249328613, -7.021581172943115, 3.8507513999938965, 0.06039077788591385, 1.5778160095214844, -3.0518126487731934, 0.9577012062072754, 0.7726624608039856, -0.5712935924530029, -0.5754099488258362, 1.7125952243804932, -1.7691404819488525]",Arturo Mercado
"[-288.86187744140625, 81.15957641601562, -27.18251609802246, 21.821701049804688, 1.4553258419036865, 1.5986334085464478, -12.137086868286133, 1.6447067260742188, -16.72854232788086, -10.607011795043945, -5.43172550201416, 5.883618354797363, -2.5383493900299072, 0.3864265978336334, -0.40630054473876953, 4.713360786437988, -4.579975128173828, 3.690753936767578, -2.875805616378784, -6.040311336517334]",Arturo Mercado
"[-328.4966735839844, 157.74688720703125, -54.581268310546875, 60.238426208496094, -10.904777526855469, 7.056308746337891, -0.6553244590759277, -3.827483654022217, -4.653119087219238, -26.740205764770508, 6.699693202972412, -11.266504287719727, -5.739966869354248, 6.619580268859863, -3.9352355003356934, 12.22409725189209, -7.077274322509766, 0.2211930900812149, -0.5794231295585632, -7.4498291015625]",Arturo Mercado
"[-226.7584686279297, 89.69157409667969, -12.470244407653809, 23.579954147338867, -28.400070190429688, 1.8498941659927368, -17.71499252319336, -4.844851493835449, -12.178572654724121, -4.472469806671143, -8.576629638671875, 6.620086193084717, -3.96087646484375, 5.2704033851623535, 1.3269373178482056, -0.6099461317062378, -2.9559884071350098, -2.9194021224975586, -5.430398464202881, -0.12156931310892105]",Arturo Mercado
"[-242.47900390625, 81.532470703125, -13.024944305419922, 17.40537452697754, -11.837541580200195, 2.5245001316070557, -8.506317138671875, -3.9426605701446533, -13.296248435974121, 0.08850852400064468, -3.3390698432922363, 1.8243539333343506, 5.883696556091309, 9.701377868652344, 1.3178740739822388, 1.6378014087677002, 2.257420301437378, 1.5165631771087646, -3.0400497913360596, 2.6958882808685303]",Arturo Mercado
"[-294.61065673828125, 76.53927612304688, -9.70474910736084, 21.90590476989746, -3.6720969676971436, 2.231966257095337, -8.98268985748291, -3.51708984375, -15.639571189880371, -2.7655389308929443, -0.34319421648979187, -2.8938729763031006, -5.83356237411499, -2.8974454402923584, -5.692004203796387, 3.705472230911255, -2.2531063556671143, 1.620713233947754, -2.3770015239715576, -4.852810382843018]",Arturo Mercado
"[-372.17779541015625, 216.96084594726562, -51.394386291503906, -14.283862113952637, 5.926672458648682, 4.695127964019775, -5.417308807373047, -24.347930908203125, -4.721809387207031, -7.735247611999512, -17.505403518676758, -6.918705463409424, -7.78981351852417, -6.008026123046875, -0.09616253525018692, -2.0809805393218994, -3.881065845489502, -4.141244888305664, -2.513733386993408, -3.178297758102417]",Arturo Mercado
"[-257.4991149902344, 132.9068145751953, -15.398138999938965, 11.980368614196777, 1.6297663450241089, -6.512937545776367, -16.426189422607422, -4.269847393035889, -20.64238929748535, -4.542715072631836, -11.74268627166748, -6.767136096954346, -7.399192810058594, -9.868062973022461, -8.910436630249023, -5.66426944732666, -9.32480525970459, -4.203267574310303, -8.634459495544434, -7.627607822418213]",Arturo Mercado
"[-362.1573486328125, 91.69415283203125, -45.28290939331055, -4.065164089202881, -13.539738655090332, -10.596085548400879, -23.394546508789062, -4.773120880126953, -22.427400588989258, -6.623724460601807, -10.922103881835938, -1.427772045135498, -8.854063987731934, -4.19489049911499, 2.2973625659942627, -0.7458701133728027, -17.610328674316406, 4.304455757141113, -13.334857940673828, -5.0275468826293945]",Arturo Mercado
"[-407.774169921875, 99.75572967529297, 8.477019309997559, 36.14397048950195, -8.052021026611328, 10.858368873596191, -13.273069381713867, -2.8834588527679443, -7.155407905578613, -9.445134162902832, -9.017128944396973, -8.21097469329834, -8.661887168884277, -2.9232585430145264, -4.2232346534729, 2.5503580570220947, -3.484999656677246, -5.901886940002441, -6.227766036987305, -7.307507514953613]",Carlos Petrel
"[-328.8161926269531, 94.35437774658203, -18.60711669921875, 43.817935943603516, 3.7197670936584473, 3.0011558532714844, -5.180696487426758, -1.006345510482788, -7.696059703826904, -6.016984939575195, -13.919096946716309, -6.919087886810303, -7.7643585205078125, -3.317060947418213, 0.8832741975784302, 4.3399152755737305, 2.2566781044006348, -1.607897162437439, 1.8647387027740479, 2.830733060836792]",Carlos Petrel
"[-398.10772705078125, 165.58006286621094, -31.27100944519043, 0.006964860484004021, 14.595678329467773, -4.649434566497803, -9.513023376464844, -10.95947265625, -9.654068946838379, -10.53415298461914, -6.58367395401001, -5.588702201843262, -13.940995216369629, -12.626062393188477, -5.0427680015563965, -4.437977313995361, -7.214748382568359, -6.772365570068359, -3.8865549564361572, -6.108331680297852]",Carlos Petrel
"[-279.09478759765625, 190.4273681640625, -59.41942596435547, 18.38851547241211, 17.229713439941406, -36.29706954956055, -12.030721664428711, -9.817059516906738, -11.726873397827148, -12.01755428314209, -12.462654113769531, 4.373788356781006, -3.502244234085083, -17.539409637451172, -6.636499404907227, 2.312278985977173, -4.424919605255127, -10.455852508544922, -1.4619090557098389, 3.0533618927001953]",Carlos Petrel
"[-308.98699951171875, 94.40979766845703, -2.933272123336792, 31.946964263916016, -2.5366370677948, 2.809756278991699, -7.629598140716553, 0.27939581871032715, -2.7750096321105957, 0.5121732354164124, -4.9781174659729, 2.570584774017334, -4.209558486938477, 1.1419686079025269, -2.7190804481506348, 3.8159537315368652, -0.3728364109992981, -0.7909368276596069, -0.6085339188575745, 0.4494180381298065]",Carlos Petrel
"[-279.6498718261719, 82.80818939208984, -56.86738967895508, 11.51014232635498, -9.05055046081543, -7.96317720413208, -17.76483726501465, -1.184958815574646, -9.25170612335205, 1.125664472579956, -5.587315559387207, -9.907076835632324, -15.722253799438477, -16.230541229248047, -7.4126458168029785, -3.768176794052124, -5.088254451751709, -0.226322203874588, -4.218315601348877, 2.6706607341766357]",Carlos Petrel
"[-422.5271911621094, 104.5796127319336, -14.765931129455566, 29.94011688232422, -7.951156139373779, -2.296992778778076, -23.138900756835938, -1.0086132287979126, -19.681848526000977, -9.00568962097168, -13.607892036437988, -4.540644645690918, -9.19318962097168, -0.1956736147403717, -3.163255214691162, -4.368171691894531, -2.601637840270996, -0.9570524096488953, -7.389676570892334, -4.5538716316223145]",Carlos Petrel
"[-286.1283874511719, 86.1737289428711, -46.30739212036133, 22.907634735107422, -0.5633180737495422, -16.03159523010254, -21.122608184814453, -4.478714942932129, -1.3139023780822754, -4.403672695159912, -8.38054084777832, -1.2650116682052612, -15.095802307128906, -17.4202880859375, -15.69933032989502, -9.694117546081543, -6.211000919342041, -1.4836455583572388, -4.347579002380371, 4.115792751312256]",Carlos Petrel
"[-303.4746398925781, 178.3338623046875, -24.786705017089844, 17.0646915435791, 20.099651336669922, -6.065493106842041, 7.083644866943359, -3.5526366233825684, -15.616546630859375, 3.8466036319732666, -2.2697315216064453, 8.806509971618652, -3.7820849418640137, -5.957827568054199, -8.185856819152832, -1.443123459815979, -4.2866597175598145, 1.408251166343689, 0.3157132863998413, 1.138433814048767]",Carlos Petrel
"[-212.21681213378906, 135.9344482421875, -36.388126373291016, 30.067485809326172, -17.25189208984375, 2.34480357170105, -17.583126068115234, -6.713392734527588, -14.19717788696289, -9.625870704650879, -9.992197036743164, -4.0769195556640625, -9.034984588623047, -6.847789764404297, -13.565835952758789, -3.026400566101074, -10.184356689453125, -9.438620567321777, -3.7366292476654053, -3.4973909854888916]",Francisco Colmenero
"[-409.9360046386719, 122.30074310302734, -4.542698383331299, 41.59503936767578, 9.711910247802734, 6.211041450500488, 3.246657371520996, -9.38071346282959, -9.474115371704102, -1.5449832677841187, -3.6577885150909424, -6.581088066101074, 3.3432862758636475, 3.9965274333953857, -1.546164631843567, -1.619856834411621, -6.785315990447998, 1.8312181234359741, 1.1872817277908325, -0.967050313949585]",Francisco Colmenero
"[-343.6741638183594, 119.27600860595703, -17.591487884521484, 43.160438537597656, -15.015678405761719, -16.571842193603516, -20.116575241088867, -6.46776819229126, -26.35133171081543, -10.032906532287598, -14.922980308532715, -3.5286436080932617, -3.2673115730285645, 0.8496043086051941, 0.0358956977725029, -4.746882915496826, -3.6034741401672363, 1.2624651193618774, -3.704524517059326, 1.2922391891479492]",Francisco Colmenero
"[-211.4324493408203, 161.43667602539062, -81.17501831054688, 22.305992126464844, -19.970172882080078, 3.797079563140869, -11.414386749267578, -4.632073879241943, -20.333646774291992, -2.150063991546631, -3.9636683464050293, 3.116647481918335, -8.10493278503418, -4.289419174194336, -10.217341423034668, -1.4004648923873901, -6.008638381958008, -0.7899687886238098, -3.8317346572875977, -1.9103224277496338]",Francisco Colmenero
"[-329.365234375, 148.48605346679688, -97.30500793457031, 51.365177154541016, -19.56405258178711, -6.576106071472168, -17.286602020263672, 6.130678176879883, -1.6427850723266602, 7.687268257141113, 11.833617210388184, -1.8739813566207886, 0.17056237161159515, -8.766071319580078, 2.4604642391204834, -5.296940326690674, 1.8315365314483643, -2.90157151222229, 0.7779289484024048, -3.0379559993743896]",Francisco Colmenero
"[-312.0223693847656, 151.03268432617188, -41.946163177490234, 12.68702507019043, -1.327781319618225, -11.859614372253418, -18.10456657409668, -18.873451232910156, -12.166655540466309, -12.799168586730957, -7.636480808258057, -7.765819549560547, 1.731978178024292, 4.4567108154296875, -7.601914882659912, -2.3328030109405518, 1.3348294496536255, -7.889400005340576, -2.525461196899414, 2.9092581272125244]",Francisco Colmenero
"[-245.3815155029297, 178.1256561279297, -67.59429168701172, 32.02895736694336, -2.6177334785461426, -5.850513458251953, -9.546905517578125, -11.3861665725708, -10.731517791748047, -13.240213394165039, -10.477452278137207, -8.549613952636719, -6.847419261932373, -8.219314575195312, -3.9626080989837646, -5.103216648101807, -7.536665439605713, -5.814742565155029, -5.427370548248291, -8.982495307922363]",Francisco Colmenero
"[-250.47979736328125, 126.5751724243164, -24.933706283569336, 44.50117874145508, -1.5833961963653564, 24.738367080688477, -8.210602760314941, 10.889493942260742, -2.968010425567627, 2.6616008281707764, -4.158285617828369, 1.886778473854065, 0.12371992319822311, 2.319380044937134, -0.8913441300392151, 0.542084276676178, 1.8756970167160034, -2.807482957839966, 1.1999248266220093, 0.05073164775967598]",Francisco Colmenero
"[-305.4185791015625, 99.16918182373047, -32.05912399291992, 35.54811477661133, 7.42262601852417, 20.22723960876465, -32.35422897338867, 3.3642704486846924, -16.16106414794922, -7.118893146514893, -7.073897361755371, 1.9529285430908203, -5.318688869476318, -2.0596396923065186, 0.1894180029630661, -0.7506862282752991, 1.3334507942199707, -7.165771484375, -0.7231464982032776, -1.6726281642913818]",Francisco Colmenero
"[-207.24679565429688, 129.61590576171875, -72.63614654541016, 27.733213424682617, -7.858799457550049, 27.41872787475586, -5.319929599761963, 4.229126453399658, -0.5488365292549133, 7.874118804931641, -2.6510260105133057, -1.7657644748687744, -0.5552292466163635, -2.283818244934082, 4.049113750457764, -0.32853320240974426, -2.3598473072052, 3.029850959777832, 0.6001988053321838, 2.854471206665039]",Francisco Colmenero
"[-287.2244567871094, 163.67800903320312, -52.428531646728516, 8.64210033416748, -10.331151008605957, -6.207790851593018, -15.532370567321777, -4.213126182556152, -9.57464599609375, -0.48640936613082886, -4.919742107391357, -0.47469693422317505, -0.8096125721931458, -1.5136420726776123, -7.4037699699401855, 0.24939905107021332, -5.566659450531006, -3.390125036239624, -5.205168724060059, -2.3229575157165527]",Francisco Colmenero
"[-241.90304565429688, 77.78779602050781, -37.27958297729492, 51.38595199584961, -42.7122688293457, 32.446868896484375, -28.436922073364258, 18.700441360473633, -26.887561798095703, 7.725159168243408, -13.535894393920898, 12.723443984985352, -6.048966407775879, 2.0108938217163086, -6.766566753387451, -5.616379261016846, -3.7460663318634033, -5.609023571014404, -1.281493067741394, 0.11568817496299744]",Francisco Colmenero
"[-190.42037963867188, 106.17070007324219, -39.97857666015625, 17.20656394958496, -5.9516706466674805, 6.972979545593262, -7.3878350257873535, -7.575840473175049, -8.731284141540527, -2.1922242641448975, -11.35600471496582, -6.591421604156494, -9.067506790161133, -1.7244420051574707, -8.70236587524414, -2.6435434818267822, -3.7547645568847656, 1.6516337394714355, -3.2168526649475098, 2.631476879119873]",Francisco Colmenero
"[-252.77029418945312, 95.99935913085938, -36.146705627441406, 20.051393508911133, -36.060787200927734, 11.285654067993164, -20.63679313659668, -6.234110355377197, -15.13407039642334, -0.7160210609436035, -6.943583965301514, 3.563605785369873, -6.552064418792725, -0.13548389077186584, -3.6428792476654053, 6.197615146636963, -1.7623989582061768, 0.3765476644039154, 1.4177898168563843, -0.9383077621459961]",Francisco Colmenero
"[-161.74224853515625, 88.37252044677734, -11.218243598937988, 24.09400749206543, -9.704710960388184, 7.239365577697754, -19.67715072631836, 0.0485435388982296, -13.77210521697998, 0.4876115024089813, -8.240494728088379, 3.7662529945373535, -5.133111000061035, 6.513035774230957, -3.361978769302368, 7.465457916259766, -3.281904697418213, -1.653403878211975, -5.516401290893555, -0.651827335357666]",Francisco Colmenero
"[-163.2705078125, 125.11833190917969, -72.73908233642578, 33.02170181274414, -29.654281616210938, 14.297248840332031, -18.889318466186523, 0.23286481201648712, -16.209800720214844, 1.3244524002075195, -6.081735610961914, -0.3676488399505615, -0.06340018659830093, -7.413294792175293, -2.9116411209106445, -0.12424403429031372, 1.372921347618103, -4.295860767364502, 1.7897183895111084, -3.5492160320281982]",Francisco Colmenero
"[-324.5327453613281, 112.66471862792969, -46.01957321166992, 28.723783493041992, -15.321417808532715, 5.427321434020996, -24.904895782470703, -5.5097975730896, -19.73121452331543, -12.15639877319336, -8.235960960388184, -9.031097412109375, -0.9493359923362732, -4.96561336517334, -2.561957836151123, 0.1434796154499054, -2.590909481048584, -2.7598438262939453, 0.0011746911332011223, -5.651729106903076]",Francisco Colmenero
"[-305.0280456542969, 113.29352569580078, -11.597429275512695, 16.57325553894043, -6.026522636413574, 20.175128936767578, -30.2744197845459, 7.9788713455200195, -11.787027359008789, -2.6375129222869873, -13.810592651367188, 0.7282219529151917, -10.086089134216309, -0.9731391668319702, -6.70489501953125, -0.49271348118782043, -5.273897171020508, -6.572500228881836, -1.6460322141647339, -0.7449465394020081]",Francisco Colmenero
"[-288.2910461425781, 53.153099060058594, 41.78156280517578, 29.442956924438477, -13.206533432006836, -7.386773109436035, -36.287742614746094, 9.769330024719238, -3.013258218765259, -6.189671039581299, 13.816152572631836, 12.990676879882812, -13.149280548095703, 10.223167419433594, -2.6961255073547363, -5.7287468910217285, -2.3928496837615967, -5.785095691680908, -7.26821231842041, 10.638863563537598]",Francisco Colmenero
"[-273.3757019042969, 137.98086547851562, -47.72966384887695, 58.31734085083008, -21.798913955688477, 23.448810577392578, -17.36406707763672, 1.6169331073760986, -13.620227813720703, -24.116947174072266, 3.7806336879730225, -15.700546264648438, 6.612392425537109, -9.821398735046387, 3.6352298259735107, -0.37286800146102905, -5.0767717361450195, -6.6910200119018555, -8.236480712890625, -1.0057684183120728]",Francisco Colmenero
"[-267.43389892578125, 132.81973266601562, -25.005342483520508, 41.63175964355469, -17.46863555908203, 16.6580810546875, -27.156295776367188, -1.3874452114105225, -14.677559852600098, 2.7999608516693115, -3.803473472595215, -2.914903402328491, -2.7755489349365234, -2.3206894397735596, -2.9381136894226074, 0.5964352488517761, 3.1602935791015625, -2.3238918781280518, 0.6121379733085632, -6.334604740142822]",Francisco Colmenero
"[-142.6841583251953, 96.1771469116211, -36.50127029418945, 27.98430061340332, -9.191869735717773, 9.07998275756836, -8.617340087890625, 3.06795597076416, -8.128056526184082, 1.151874303817749, -7.540599346160889, -0.8244710564613342, -6.765433311462402, -0.17441906034946442, -3.886836528778076, 3.2892634868621826, -2.3496830463409424, 1.8895424604415894, -5.381904602050781, -2.383207321166992]",Francisco Colmenero
"[-255.87411499023438, 111.599853515625, -40.152713775634766, 23.12269401550293, -11.442896842956543, -1.9256223440170288, -16.379919052124023, -1.5206953287124634, -7.701676368713379, 5.448450565338135, -1.2080084085464478, -0.352522075176239, -11.514111518859863, -4.7009687423706055, -13.0119047164917, -1.575486660003662, -5.960721492767334, -3.0063059329986572, -2.8925621509552, -0.001525373663753271]",Francisco Colmenero
"[-288.9883117675781, 81.51249694824219, -68.05362701416016, 35.41267013549805, -34.394752502441406, -4.3784356117248535, -18.664348602294922, -32.474395751953125, -6.129953384399414, -19.288427352905273, -3.8213613033294678, -2.0303542613983154, 10.75278091430664, 23.312671661376953, 14.478822708129883, 18.447233200073242, -2.6051440238952637, -4.171879291534424, -2.543992042541504, -5.081802845001221]",Francisco Colmenero
"[-259.0294494628906, 47.442893981933594, -38.392852783203125, 9.793523788452148, -8.685079574584961, 0.9335542917251587, -10.227313995361328, -2.2806739807128906, -5.977110862731934, -3.803927421569824, -6.9845452308654785, 0.5026248097419739, -1.2953113317489624, 5.617011547088623, -3.0229663848876953, 0.7508965730667114, -5.621577739715576, -3.195675849914551, -1.1060556173324585, 3.263946294784546]",Francisco Colmenero
"[-419.5378112792969, 113.60985565185547, -51.91652297973633, 47.13251876831055, -19.173311233520508, -0.014449373818933964, -10.040552139282227, -15.541339874267578, 2.0969667434692383, -21.417774200439453, -7.679886817932129, -8.221217155456543, -9.61398983001709, -1.2564499378204346, -6.943438529968262, -0.27251136302948, -4.86927604675293, -3.2287065982818604, -6.765820503234863, -2.7740750312805176]",Francisco Colmenero
"[-264.95477294921875, 147.9876708984375, -101.05367279052734, 18.586618423461914, 9.467879295349121, -4.821975231170654, -26.224214553833008, -3.501401901245117, 5.230568885803223, 3.64459490776062, 3.557905912399292, 6.985808372497559, 1.547385573387146, -4.848694801330566, -7.693477153778076, -2.7068560123443604, -5.497208595275879, 2.042307138442993, -0.720686137676239, -1.1793962717056274]",Francisco Colmenero
"[-356.04669189453125, 185.3690948486328, -8.336690902709961, -40.2390022277832, 2.2213943004608154, -7.209990978240967, -23.10784339904785, -11.251439094543457, -9.346508979797363, -13.049120903015137, -1.9113423824310303, 4.389547348022461, -2.8313753604888916, -5.585797309875488, -1.064574122428894, 0.6007103323936462, -1.0595097541809082, -1.4707701206207275, -0.6277245283126831, -1.8013851642608643]",Francisco Colmenero
"[-253.74295043945312, 119.27870178222656, 3.3527660369873047, 39.63818359375, -8.006610870361328, 16.005653381347656, -30.05076789855957, 3.086717367172241, -12.425336837768555, -0.05887963995337486, -14.615602493286133, -1.227664828300476, -14.757122039794922, -4.334304332733154, -3.911022186279297, 1.39741849899292, -10.44914436340332, 0.04998183250427246, -3.1561317443847656, -4.549600124359131]",Francisco Colmenero
"[-242.16188049316406, 178.24209594726562, -84.50296020507812, 53.144432067871094, -8.172524452209473, -8.382882118225098, 3.6979010105133057, -16.17240333557129, -1.8356423377990723, -2.765437126159668, -3.5304319858551025, 6.223689556121826, -2.0015807151794434, -6.600938320159912, -1.9821025133132935, 4.447070121765137, 3.103818893432617, 1.6648684740066528, 2.2653610706329346, -0.8748155236244202]",Francisco Colmenero
"[-248.97003173828125, 77.74172973632812, 9.221203804016113, 27.595090866088867, 26.0566349029541, 11.813210487365723, -8.64393138885498, 2.777259111404419, -6.43815803527832, -10.302968978881836, -5.799501419067383, -0.9820301532745361, -8.668977737426758, -2.3338887691497803, -0.07254163175821304, 4.298483371734619, -6.395567417144775, 1.8096365928649902, -2.752084493637085, -4.817895412445068]",Francisco Colmenero
"[-159.93057250976562, 147.01010131835938, -38.13758850097656, 7.061968803405762, -5.44821834564209, -2.1516082286834717, -10.192432403564453, -4.077445030212402, -6.607578754425049, -11.466312408447266, -5.014230251312256, -0.8679640889167786, -5.040490627288818, -6.9013190269470215, -11.962660789489746, -3.0178732872009277, -7.9880571365356445, -4.112947940826416, -5.826417922973633, -3.298384666442871]",Francisco Colmenero
"[-179.0137481689453, 82.06746673583984, -22.2672119140625, 28.886837005615234, 3.359140634536743, 18.071128845214844, -11.511706352233887, 0.8832153677940369, -3.7906064987182617, 7.57878303527832, -6.480456352233887, 0.3035934567451477, -0.7197199463844299, 3.262678384780884, -5.659129619598389, 1.5012130737304688, -1.783596396446228, 0.7786390781402588, -0.38332757353782654, 2.711859703063965]",Francisco Colmenero
"[-255.43453979492188, 98.29739379882812, -2.231552839279175, 26.347074508666992, -4.985199451446533, -6.649853229522705, -17.955039978027344, 9.057265281677246, 0.6332345008850098, -4.100125312805176, 1.0917550325393677, -0.40322574973106384, -6.077581405639648, -1.162542700767517, -2.013646364212036, 3.1680829524993896, -5.881343364715576, -1.0496913194656372, -6.033511638641357, -1.5302777290344238]",Francisco Colmenero
"[-244.3512725830078, 67.71015930175781, -69.3215103149414, 9.658647537231445, -17.577245712280273, -13.203591346740723, -20.43761444091797, -13.883102416992188, -32.353668212890625, 6.836211681365967, -39.7930793762207, 17.37042999267578, -17.8242244720459, -16.05393409729004, 3.0269196033477783, -7.4871826171875, -5.472425937652588, -5.355290412902832, -0.7030611038208008, 15.143196105957031]",Francisco Colmenero
"[-218.0966339111328, 160.15005493164062, -41.809356689453125, 8.244776725769043, 3.998713731765747, 2.526854991912842, -7.731781482696533, -13.462890625, -9.772729873657227, -6.43339729309082, -12.766736030578613, -3.7523112297058105, -12.742951393127441, -9.173460960388184, -2.528618335723877, 2.7403476238250732, -1.4188190698623657, -1.4289820194244385, -1.3551336526870728, 2.821638345718384]",Jorge Arvizu
"[-235.76846313476562, 125.4784164428711, -91.12265014648438, 39.266048431396484, -8.000215530395508, 1.1921740770339966, -7.036369323730469, 1.8528754711151123, -6.351287364959717, -4.331387996673584, -4.928926944732666, 1.4794349670410156, -3.3707804679870605, -5.860344409942627, -4.2694010734558105, -4.049845218658447, -6.073296070098877, -2.053666591644287, -3.479022979736328, -0.9187348484992981]",Jorge Arvizu
"[-200.48074340820312, 176.42681884765625, -104.93919372558594, 21.416696548461914, -4.334705829620361, -15.568406105041504, 0.5513884425163269, -16.744264602661133, -4.0030694007873535, -14.29296875, -7.02189302444458, 0.7705193758010864, -10.612640380859375, -6.7597126960754395, -7.800431251525879, -3.163715124130249, -5.899190902709961, -7.417545318603516, -0.7325754165649414, -4.186697959899902]",Jorge Arvizu
"[-259.366943359375, 128.8406524658203, -64.67996215820312, -19.723182678222656, 14.610536575317383, -37.55253219604492, -3.000863552093506, 4.287616729736328, -25.94071388244629, -6.39243221282959, -27.471824645996094, 12.607115745544434, -36.908409118652344, -5.634255886077881, 3.5455265045166016, -5.257887363433838, -14.26004409790039, 5.061405658721924, -5.111602783203125, 8.485559463500977]",Jorge Arvizu
"[-272.59063720703125, 151.07919311523438, -80.81755828857422, 23.982288360595703, -2.2142810821533203, -6.338938236236572, -7.343776702880859, 9.303994178771973, -14.554783821105957, -3.1224265098571777, 1.510663628578186, 7.050034046173096, -11.851705551147461, -2.7171125411987305, -1.4895880222320557, -4.919778823852539, -3.1868324279785156, 0.09721658378839493, 3.1481387615203857, -2.369774103164673]",Jorge Arvizu
"[-322.9890441894531, 189.3731689453125, -86.75170135498047, -0.23193196952342987, 16.16669273376465, -19.82805824279785, 9.931390762329102, -3.1526718139648438, -1.3480277061462402, 5.328376770019531, -0.48829126358032227, 4.05893611907959, 7.2146406173706055, -1.5438348054885864, -0.4696972370147705, -1.0313000679016113, 0.0920552983880043, 0.2948076128959656, -3.7915127277374268, -0.8380470275878906]",Jorge Arvizu
"[-293.73419189453125, 109.92852020263672, -31.147037506103516, 20.323827743530273, 10.136978149414062, -10.537564277648926, -10.430559158325195, -2.050779104232788, -5.874625205993652, -5.789826393127441, -15.723814964294434, -1.3027921915054321, -8.881158828735352, -3.4385886192321777, -8.48345947265625, -1.9576655626296997, -9.165674209594727, -3.5080392360687256, -4.025631904602051, -1.3559610843658447]",Jorge Arvizu
"[-206.00997924804688, 197.45266723632812, -37.6510009765625, 23.069612503051758, -10.433119773864746, -3.7409980297088623, 4.771556854248047, -18.851966857910156, -4.696835994720459, -12.449711799621582, -4.812657833099365, 2.003587245941162, -12.367528915405273, -2.583254337310791, -9.572297096252441, -8.392955780029297, -0.24217475950717926, -13.055959701538086, -0.4532967209815979, -6.274506092071533]",Jorge Arvizu
"[-259.6397705078125, 156.94607543945312, -68.71198272705078, 51.732887268066406, -30.609575271606445, -19.573102951049805, 24.497753143310547, -24.099754333496094, 0.16718274354934692, -5.156780242919922, 1.284808874130249, 8.048175811767578, -15.767382621765137, 6.777547836303711, 5.7943339347839355, -2.207048177719116, 5.5098652839660645, 2.0655622482299805, 6.852113246917725, 0.9899755120277405]",Jorge Arvizu
"[-268.0064392089844, 109.70173645019531, -72.24292755126953, 1.3514717817306519, 0.29575520753860474, -13.672849655151367, -11.471564292907715, -2.477447032928467, -9.006985664367676, -1.9860063791275024, 1.1935547590255737, -8.64252758026123, -2.5091724395751953, -6.7015275955200195, -7.864681720733643, -7.304025650024414, -7.758481025695801, -0.037546057254076004, -5.442991256713867, -0.8314145803451538]",Jorge Arvizu
"[-240.6491241455078, 96.47683715820312, -70.63492584228516, 23.376319885253906, 4.067584991455078, -10.556534767150879, -12.392974853515625, 8.848129272460938, -8.146459579467773, -0.2477855533361435, -1.591111421585083, -1.3149843215942383, -10.024991035461426, -0.41389790177345276, -4.252178192138672, 0.757969081401825, -6.975846290588379, -2.1592462062835693, 1.4331464767456055, 0.6769683361053467]",Jorge Arvizu
"[-290.6005554199219, 142.54525756835938, -108.19917297363281, -6.077817440032959, -4.75842809677124, -7.709933757781982, -8.007939338684082, -4.911216735839844, -10.082667350769043, -2.1736655235290527, -1.6112005710601807, -1.4994531869888306, -3.6708290576934814, -9.126758575439453, -8.161462783813477, -3.009197235107422, -6.865647792816162, -4.01368522644043, -2.5750339031219482, 0.2730129063129425]",Jorge Arvizu
"[-231.86264038085938, 121.12784576416016, -77.011962890625, -25.04452133178711, 8.749014854431152, -14.56178092956543, -28.9074649810791, -0.3091331124305725, -10.01258373260498, -20.010717391967773, 0.5679726600646973, -11.393010139465332, 1.855810284614563, -5.042385101318359, -1.363333821296692, 3.2166647911071777, -10.37224292755127, 1.0532904863357544, -3.6141507625579834, 2.6501190662384033]",Jorge Arvizu
"[-229.9325714111328, 107.42149353027344, -6.320767402648926, 15.19716739654541, -16.98607635498047, -5.036173343658447, -14.22108268737793, 3.4323456287384033, -4.330350875854492, -3.940990686416626, -11.58953857421875, 2.8709282875061035, -3.783470630645752, -2.681600332260132, -10.471506118774414, 2.570734739303589, -4.568336486816406, -6.110032081604004, -4.236849784851074, -0.12861774861812592]",Jorge Arvizu
"[-168.8074951171875, 118.96379089355469, -66.5619888305664, 13.730440139770508, -1.3958697319030762, -5.8301286697387695, -23.491046905517578, 4.0360260009765625, -16.32073211669922, 1.5676828622817993, -5.415385723114014, 2.65828013420105, -9.586108207702637, -6.587712287902832, -9.775060653686523, 4.88953971862793, -9.719135284423828, 3.9019594192504883, -3.1809864044189453, 5.325074195861816]",Jorge Arvizu
"[-215.40220642089844, 175.31039428710938, -44.64073181152344, 22.20001983642578, 10.380139350891113, -6.18568754196167, -6.248831748962402, -3.006307601928711, -1.5575711727142334, -13.106579780578613, -6.174928188323975, -1.7656446695327759, -6.845174789428711, -10.188861846923828, -10.288050651550293, -6.433126926422119, -7.881563663482666, -10.40389633178711, -4.026018142700195, -1.3754997253417969]",Jorge Arvizu
"[-299.6567077636719, 200.2186279296875, -95.71369171142578, -9.415851593017578, 1.5866620540618896, -11.78416919708252, -7.864127159118652, -2.717512607574463, -6.91614294052124, -12.433696746826172, -2.8317959308624268, -15.327695846557617, -3.3560965061187744, -0.8999680876731873, -10.098726272583008, 2.6455514430999756, -7.896142959594727, -8.506059646606445, 2.0571300983428955, -7.952054023742676]",Jorge Arvizu
"[-286.0036315917969, 153.24093627929688, -70.8562240600586, 7.658193588256836, -11.822590827941895, -10.104297637939453, -6.7918572425842285, -8.926715850830078, -13.286046981811523, -11.892013549804688, -8.114446640014648, -1.368845820426941, -2.5857272148132324, -12.370559692382812, -3.377063512802124, -3.398538827896118, -9.748306274414062, -6.167395114898682, -2.7792584896087646, -5.946218490600586]",Jorge Arvizu
"[-269.34771728515625, 220.4239959716797, -38.234397888183594, -3.9147071838378906, 35.94432830810547, -6.9333176612854, -5.716079235076904, -0.709644615650177, -14.448746681213379, -6.154466152191162, -2.1310477256774902, -6.979554176330566, -6.207573413848877, -3.549300193786621, -6.3536787033081055, -1.8449846506118774, -0.6016162633895874, -5.479440212249756, -4.137460231781006, -2.3695504665374756]",Jorge Arvizu
"[-258.6747131347656, 125.2614517211914, -94.68720245361328, 16.99483871459961, -14.248370170593262, -16.996267318725586, 0.5059322118759155, -2.8894946575164795, -9.664048194885254, -3.8995628356933594, -3.6105844974517822, -0.06785762310028076, -5.801348686218262, -7.958438873291016, -1.403605580329895, -5.5014424324035645, -7.681357383728027, 0.4452641010284424, -6.054256439208984, -5.2725348472595215]",Jorge Arvizu
"[-293.0035095214844, 101.36854553222656, -109.58065032958984, 17.334257125854492, -30.029279708862305, -10.708122253417969, -15.627528190612793, -6.09175968170166, -9.853198051452637, -3.4758458137512207, -9.922894477844238, 2.3075613975524902, -8.164739608764648, 2.2866055965423584, 5.663298606872559, 2.4505133628845215, 1.5843244791030884, 1.6128513813018799, -1.6725502014160156, 1.125853180885315]",Jorge Arvizu
"[-299.1766662597656, 201.51925659179688, -44.87839889526367, -16.4627742767334, 19.991086959838867, -3.1944940090179443, -6.762732982635498, 2.0124642848968506, -0.39278528094291687, -8.228475570678711, -4.084128379821777, 3.2830498218536377, -6.222524166107178, -5.205264091491699, 5.707963466644287, -1.1508225202560425, -2.0839951038360596, -1.106667160987854, -5.144058704376221, -1.2975138425827026]",Jorge Arvizu
"[-215.41390991210938, 146.9409637451172, -60.09372329711914, 6.71242094039917, -6.548041820526123, -1.8053754568099976, -16.180997848510742, -3.59196138381958, -14.965062141418457, -4.264396667480469, -5.9391703605651855, -4.638390064239502, -11.938275337219238, -6.47934103012085, -7.096911430358887, -1.6482012271881104, -10.115074157714844, -0.9293025135993958, -7.795680999755859, -1.8406816720962524]",Jorge Arvizu
"[-322.3661193847656, 201.18801879882812, -64.42434692382812, 13.883831977844238, 20.02540397644043, -8.44647216796875, -3.8807671070098877, -22.56155776977539, -9.238594055175781, -8.190614700317383, -12.603808403015137, -7.723808765411377, -11.933856964111328, 0.6985647082328796, -1.0520597696304321, -9.291479110717773, -4.368804931640625, -7.413022041320801, -3.428232431411743, -2.6123478412628174]",Jorge Arvizu
"[-253.06651306152344, 119.78031158447266, -93.82207489013672, 13.408979415893555, -9.521984100341797, -31.996871948242188, 3.033579111099243, -4.551042079925537, -18.566116333007812, 6.193122386932373, -9.789275169372559, 9.417474746704102, -5.16253662109375, -6.060978889465332, 1.3876206874847412, -7.469919204711914, -2.0053305625915527, -2.173999309539795, -7.893340587615967, 4.191076278686523]",Jorge Arvizu
"[-262.32720947265625, 142.77964782714844, -96.22920227050781, -4.601154327392578, -13.73765754699707, -28.52355194091797, -1.3752328157424927, -19.32119369506836, -12.787175178527832, -15.972007751464844, -18.407968521118164, -5.414897441864014, -8.989479064941406, -4.797319412231445, -3.6702089309692383, -4.4200592041015625, 3.2463343143463135, -4.516875267028809, -6.197307586669922, -1.216776967048645]",Jorge Arvizu
"[-313.5506286621094, 173.33851623535156, -69.07290649414062, -23.85055923461914, 4.722176551818848, -10.539053916931152, -13.69666862487793, -8.11084270477295, -15.911864280700684, -12.894733428955078, -6.871331691741943, -2.21673321723938, -4.162782669067383, -5.900672435760498, -3.8740220069885254, -3.2483739852905273, -2.47074294090271, -2.9058339595794678, -3.5229263305664062, -3.8788325786590576]",Jorge Arvizu
"[-375.5227966308594, 70.48677062988281, -104.29444885253906, 11.814852714538574, 37.31450271606445, -47.55659484863281, -29.71278953552246, -4.594005584716797, -26.12282943725586, -25.041183471679688, -18.14689826965332, -17.82257652282715, -5.836743354797363, 1.5441389083862305, -3.5886340141296387, -0.6773996949195862, 8.825918197631836, 6.554145336151123, 2.587228298187256, 4.69201135635376]",Jorge Arvizu
"[-272.07708740234375, 158.1508026123047, -43.22893524169922, 13.356050491333008, -2.604360342025757, -9.595455169677734, -1.1518276929855347, -1.643454909324646, -5.277090072631836, -3.010315418243408, -11.303500175476074, -8.54522705078125, -7.951695919036865, -3.8276307582855225, -3.986928701400757, 1.3553580045700073, -3.9940781593322754, 0.05173076316714287, -3.983604669570923, -0.05731092765927315]",Julio Lucena
"[-262.2129821777344, 115.48676300048828, -58.161285400390625, 13.949169158935547, -15.861270904541016, 10.955877304077148, -14.452516555786133, 3.696911573410034, -23.963035583496094, 4.380023956298828, -9.813970565795898, 4.834097862243652, -10.032368659973145, -1.074488878250122, -7.484568119049072, 3.384092330932617, -2.9857401847839355, 3.2381420135498047, -2.5365288257598877, -0.30986443161964417]",Julio Lucena
"[-175.42005920410156, 138.24159240722656, -86.73582458496094, 56.60884094238281, -20.22060203552246, 1.210935115814209, -16.508224487304688, -4.325155735015869, -10.857959747314453, -13.048124313354492, -8.899370193481445, -9.467308044433594, -10.89527702331543, -4.369175910949707, -8.20606803894043, -8.955668449401855, -10.528962135314941, -5.933764934539795, -1.2001376152038574, -4.811696529388428]",Julio Lucena
"[-314.8836669921875, 143.025390625, -44.49757385253906, -36.769771575927734, -26.404510498046875, -28.18869400024414, -51.512882232666016, -40.07656478881836, -36.90925598144531, -34.67491912841797, -18.4426212310791, -7.493047714233398, -2.6162993907928467, -8.949309349060059, -1.8240679502487183, -1.2007813453674316, 1.300445795059204, 6.118838787078857, 7.228658199310303, 4.809455394744873]",Julio Lucena
"[-199.42803955078125, 123.03324890136719, -102.38774108886719, 36.85184860229492, -12.57457447052002, -21.437511444091797, -3.9468393325805664, -15.163724899291992, -1.3343061208724976, -5.888894557952881, -7.594430446624756, 4.194986343383789, -11.557488441467285, 4.154763698577881, -0.06792236119508743, -4.469804763793945, -7.693560600280762, 2.2630598545074463, -4.578815460205078, 1.8891197443008423]",Julio Lucena
"[-255.38751220703125, 155.81005859375, -88.85690307617188, 26.22799301147461, -9.168928146362305, 7.075316905975342, -22.385751724243164, -9.960935592651367, -9.374866485595703, 3.308401584625244, -3.658431053161621, -6.361058712005615, -3.391085624694824, -4.3613691329956055, 3.609828472137451, -2.1987979412078857, -0.3551364541053772, -6.753387451171875, 5.242825031280518, -2.8241219520568848]",Julio Lucena
"[-281.7384033203125, 158.21340942382812, -84.04779052734375, -5.987494945526123, -9.370136260986328, -34.85625076293945, -7.785876274108887, -20.341182708740234, -15.593725204467773, -11.683050155639648, -17.507837295532227, -4.176964282989502, -5.463481426239014, -8.717761993408203, -0.8487046360969543, -3.296147108078003, -9.526562690734863, -9.217794418334961, -6.934852123260498, -7.078937530517578]",Julio Lucena
"[-213.58096313476562, 107.44378662109375, -60.10205841064453, 40.538211822509766, -19.884353637695312, -12.214378356933594, -3.3015074729919434, -1.3902453184127808, -26.703222274780273, -6.397292613983154, -7.300012588500977, -6.0182623863220215, -3.826814889907837, -2.6222691535949707, 0.642925500869751, 3.080392837524414, -2.908637762069702, -0.04707806557416916, -4.645381450653076, -2.101435422897339]",Julio Lucena
"[-271.77581787109375, 164.0525665283203, -41.60449981689453, -24.233545303344727, 8.724581718444824, -5.032465934753418, -7.089539527893066, -4.503589630126953, -15.09112548828125, -4.513854026794434, -2.0260939598083496, -6.858170509338379, -12.869543075561523, -6.340750217437744, -4.072168827056885, 0.19807259738445282, -0.8993161916732788, 2.323298215866089, -0.5909923315048218, 3.347132921218872]",Julio Lucena
"[-197.58921813964844, 167.66250610351562, -45.94863510131836, 16.51707649230957, -14.006566047668457, 1.168774127960205, -19.039308547973633, -0.3635079264640808, -17.716392517089844, -9.575508117675781, -9.488792419433594, -6.6687846183776855, 1.6567894220352173, -7.26685905456543, 5.2933669090271, -4.536874771118164, 6.874021530151367, -11.8051176071167, 0.775080144405365, -5.145910739898682]",Julio Lucena
"[-218.45986938476562, 104.63031768798828, -9.364311218261719, 29.47905731201172, 1.2213237285614014, -13.190546035766602, -7.0178751945495605, -9.864664077758789, -29.773197174072266, -6.80796480178833, -26.216764450073242, -0.49524345993995667, -19.8929386138916, -5.12898588180542, -8.664498329162598, -6.04392147064209, -14.004490852355957, -3.6331357955932617, -13.307565689086914, -6.054224014282227]",Lalo Garza
"[-372.7735290527344, 69.11512756347656, 1.9794679880142212, 7.056647300720215, -1.371132731437683, -7.354488849639893, -5.654666900634766, -10.22270393371582, -10.093218803405762, -13.58630084991455, -9.3762845993042, -7.470914840698242, -12.443739891052246, -1.9800982475280762, -4.478762149810791, 0.04375951737165451, -8.905763626098633, -3.4536523818969727, -7.085696697235107, -4.393062591552734]",Lalo Garza
"[-375.0093994140625, 50.139163970947266, -0.7062456011772156, 9.665271759033203, -3.1120493412017822, -5.519900798797607, -3.40871262550354, -7.357755661010742, -8.85598373413086, -13.665069580078125, -4.623528003692627, -6.023936748504639, -10.03618049621582, -2.0533030033111572, -5.187365531921387, 1.4689435958862305, -7.137702465057373, -3.319610357284546, -5.9836201667785645, -2.658994197845459]",Lalo Garza
"[-206.88864135742188, -13.483009338378906, -35.04560089111328, 3.5713887214660645, -34.8570442199707, -22.35545539855957, -25.06841468811035, -23.6008358001709, -21.94780158996582, -26.56184196472168, -20.108211517333984, -11.04145622253418, -11.685094833374023, 2.8333513736724854, 4.103295803070068, 21.95512580871582, 12.19223403930664, 16.844093322753906, 3.1372575759887695, 5.197656154632568]",Lalo Garza
"[-272.23406982421875, 76.04463958740234, -50.89152145385742, -0.8317548036575317, -14.539122581481934, -16.7654972076416, -12.667278289794922, -8.505715370178223, -35.15019989013672, -1.4348088502883911, -17.352170944213867, -7.402215957641602, -13.317193984985352, -9.46221923828125, -9.942776679992676, -5.285013198852539, -14.653119087219238, -3.2859609127044678, -8.533734321594238, -7.476964950561523]",Lalo Garza
"[-260.4004211425781, 95.90447998046875, -22.366857528686523, 15.33024787902832, -3.4660444259643555, -3.785512685775757, -14.266972541809082, 0.17752152681350708, -16.942548751831055, -3.2855491638183594, -7.056332588195801, -4.1840667724609375, -6.356786251068115, -6.323086261749268, -3.9326701164245605, -4.86640739440918, -8.747973442077637, -0.6283721923828125, -5.88207483291626, -2.765040874481201]",Lalo Garza
"[-108.59406280517578, 83.38532257080078, -16.975738525390625, 35.30415344238281, -3.2321176528930664, 4.501153469085693, 0.6151391863822937, -3.04620099067688, -15.225469589233398, -3.0959315299987793, -13.471665382385254, 0.328718364238739, -8.285807609558105, -1.6377395391464233, -5.833718776702881, -2.3394675254821777, -9.15390682220459, -2.547851085662842, -7.349332809448242, 1.239929437637329]",Lalo Garza
"[-209.4777069091797, 101.38509368896484, -63.75001525878906, -6.982509136199951, -25.551685333251953, -14.227007865905762, -11.266395568847656, -11.666864395141602, -40.028411865234375, 1.6376020908355713, -23.177553176879883, -5.730374813079834, -12.707484245300293, -4.161159515380859, -10.191903114318848, -1.7126133441925049, -15.222153663635254, -2.0470290184020996, -11.270822525024414, -0.7360435724258423]",Lalo Garza
"[-261.1170349121094, 96.24713134765625, -20.066709518432617, 16.222572326660156, -3.0268263816833496, -1.71285879611969, -16.501102447509766, -1.4590226411819458, -21.26173973083496, -2.4964168071746826, -6.65461540222168, -4.10746955871582, -6.302060127258301, -5.34934139251709, -4.8736348152160645, -5.802030563354492, -8.045245170593262, -1.3792171478271484, -5.277160167694092, -4.190474510192871]",Lalo Garza
"[-255.32518005371094, 95.71842193603516, -21.96653175354004, 14.809635162353516, -3.4628419876098633, -5.844715118408203, -17.602399826049805, -3.443500280380249, -15.661959648132324, -2.0856122970581055, -7.982014179229736, -5.191527843475342, -8.855759620666504, -5.294332981109619, -3.7435033321380615, -7.822690486907959, -8.00106430053711, -2.5068233013153076, -7.620976448059082, -1.480584979057312]",Lalo Garza
"[-225.5650177001953, 102.88787078857422, -11.607847213745117, 26.74289894104004, -1.5669076442718506, 6.286983489990234, -4.107227802276611, 10.062966346740723, -8.1934232711792, 5.134152889251709, -8.462835311889648, -1.6859818696975708, 0.19591347873210907, -0.8994601964950562, 0.7414512038230896, -0.3397737443447113, -2.9588401317596436, 1.1365888118743896, -4.87362813949585, -1.6065844297409058]",Lalo Garza
"[-196.33763122558594, 105.13701629638672, -26.82952117919922, 34.70068359375, -5.383759498596191, 4.916337966918945, -3.0515360832214355, 8.642290115356445, -9.985563278198242, 3.66229248046875, -7.157741069793701, 0.8499935269355774, 2.299260377883911, -2.260432004928589, 2.8276610374450684, 2.26358699798584, -1.707446575164795, 0.7778961658477783, -7.202629566192627, -3.2815470695495605]",Lalo Garza
"[-232.23004150390625, 126.34125518798828, -28.693477630615234, 40.071250915527344, -7.831479072570801, 2.4974923133850098, -0.1570754200220108, 6.196900844573975, -3.8569514751434326, 3.2151219844818115, -4.274495601654053, 4.073150157928467, 1.24251389503479, 0.8273740410804749, 4.42107629776001, 3.6789064407348633, 0.20236389338970184, -0.3697110414505005, -5.102572917938232, -1.8764498233795166]",Lalo Garza
"[-223.58587646484375, 110.40528106689453, -16.182659149169922, 45.762481689453125, -5.684036731719971, 3.791074275970459, -14.141047477722168, 7.373841762542725, -16.259254455566406, 6.364972114562988, -4.329353332519531, -3.0949506759643555, 0.5553352236747742, -6.714123725891113, -1.54039466381073, 2.967876672744751, -9.62359619140625, 3.018691062927246, -1.2049496173858643, -6.366724014282227]",Lalo Garza
"[-192.7017059326172, 90.5905532836914, -17.965267181396484, 28.866464614868164, -16.315567016601562, -8.614489555358887, 1.3383235931396484, -11.586662292480469, -30.924095153808594, -15.734663963317871, -30.743377685546875, -5.418282508850098, -6.131305694580078, 1.1397781372070312, -1.939342737197876, -7.767953395843506, -3.9662530422210693, -3.73332142829895, -15.954801559448242, -9.091328620910645]",Lalo Garza
"[-101.84538269042969, 76.26156616210938, -30.134525299072266, 26.945520401000977, -8.830035209655762, 0.3833771347999573, -6.939199447631836, -4.606757640838623, -17.232627868652344, -3.859844923019409, -8.515644073486328, -4.793922424316406, -2.514714002609253, 2.0523502826690674, -5.0673723220825195, -3.8984594345092773, -7.9224982261657715, 0.008262339048087597, -4.783999443054199, -2.9492299556732178]",Lalo Garza
"[-264.30389404296875, 99.46495819091797, -19.56410789489746, 18.04800033569336, 0.44831326603889465, -5.658830642700195, -15.425637245178223, -1.364540934562683, -22.130451202392578, -4.729080677032471, -8.247509002685547, -8.745160102844238, -3.246424436569214, -10.018148422241211, -1.9063278436660767, -4.526674270629883, -14.30937671661377, 1.4887129068374634, -8.017849922180176, -5.5176615715026855]",Lalo Garza
"[-396.7518615722656, 98.68511962890625, 13.936971664428711, 8.229236602783203, 11.206280708312988, 3.245826244354248, -8.732443809509277, -6.838576316833496, -8.210541725158691, -9.698030471801758, -4.567663192749023, -4.689328193664551, -7.79817533493042, 9.356367111206055, -14.46597671508789, -4.384395599365234, 2.0165789127349854, -6.036584377288818, -4.763235569000244, 1.8080377578735352]",Laura Torres
"[-409.66400146484375, 109.33772277832031, 25.2213191986084, 34.373046875, 8.512421607971191, 6.673418998718262, -0.9648064374923706, -3.243151903152466, -11.80744457244873, -0.8041364550590515, 1.3162676095962524, -3.593378782272339, -3.5840368270874023, 6.544090270996094, -3.3082902431488037, -3.791459321975708, -0.7156969308853149, -2.3352742195129395, 0.08031399548053741, 0.5926203727722168]",Laura Torres
"[-285.60699462890625, 71.85736846923828, -20.258365631103516, -9.963244438171387, -26.496017456054688, 18.62693977355957, -20.193593978881836, 2.5471997261047363, -8.176013946533203, 3.971949577331543, -18.92109489440918, 14.0033540725708, 0.28550973534584045, 8.019197463989258, 2.1788079738616943, 15.291153907775879, -0.877694308757782, 5.873571872711182, -2.0654611587524414, 5.300421237945557]",Laura Torres
"[-289.3930969238281, 96.87054443359375, 12.214373588562012, 24.777292251586914, 6.964132308959961, 8.879122734069824, 2.7068099975585938, 6.988682270050049, 1.158132553100586, 2.221987724304199, -7.56016206741333, -2.375382423400879, -5.277725696563721, 2.780452251434326, -7.994560718536377, -3.424455404281616, -0.29698896408081055, 1.719445824623108, -3.7966251373291016, 2.2659192085266113]",Laura Torres
"[-214.80369567871094, 64.79928588867188, 2.0761988162994385, 1.3891863822937012, -3.107879877090454, 23.024009704589844, -5.869647026062012, 6.370203495025635, -0.3312811255455017, 5.408248424530029, -3.3633720874786377, 1.8926950693130493, -1.7198121547698975, 9.78169059753418, 0.11650344729423523, 9.812830924987793, -2.744384765625, 5.817722797393799, -0.23440438508987427, 1.076989769935608]",Laura Torres
"[-219.415771484375, 41.089176177978516, 4.247791290283203, 30.792829513549805, -7.824525356292725, 22.24226188659668, -10.51056957244873, 6.343287944793701, -12.89563274383545, 8.933425903320312, -10.472654342651367, 6.6826629638671875, -11.31562328338623, 4.157416820526123, -13.148460388183594, 2.2983310222625732, -7.659977912902832, 2.119363307952881, -6.380087852478027, 4.078972339630127]",Laura Torres
"[-242.38763427734375, 47.45169448852539, -33.168426513671875, -10.088558197021484, -17.519025802612305, -3.2755937576293945, -3.179075002670288, 4.303136825561523, -5.299407482147217, 2.266467332839966, -13.193597793579102, 6.421771049499512, -2.5675437450408936, -4.26179838180542, -0.6197960376739502, 5.89077615737915, -4.032604694366455, 5.670287609100342, 2.53861141204834, 7.4844279289245605]",Laura Torres
"[-230.0927734375, 65.90167236328125, 19.82476043701172, 5.394503116607666, -22.81075096130371, 11.335566520690918, -12.638214111328125, -16.624210357666016, 1.7662568092346191, -5.315624237060547, -16.869123458862305, 0.8878360986709595, -9.988340377807617, -10.982111930847168, -7.959271430969238, -3.748058795928955, -18.037139892578125, -2.66955304145813, -3.1666128635406494, -7.181910037994385]",Laura Torres
"[-294.8683776855469, 47.388282775878906, -2.5599870681762695, -6.051699161529541, -12.196257591247559, 7.36874532699585, -12.064878463745117, 2.171506643295288, -5.999463081359863, 5.572010040283203, 4.285726070404053, 5.519678592681885, 0.0184272862970829, 7.272709846496582, -0.9406312704086304, -1.1241883039474487, 0.41197946667671204, 0.794370710849762, -5.178426742553711, -0.4894319176673889]",Laura Torres
"[-289.2845764160156, 59.6115837097168, -17.65010643005371, -2.774292230606079, -21.913530349731445, 0.7430768013000488, -16.861679077148438, -5.984622955322266, -3.520875930786133, -4.524250507354736, -8.58381462097168, -0.11215545237064362, -6.585410118103027, 2.3201348781585693, -1.771583080291748, 7.05695104598999, -0.9047441482543945, 0.8733454942703247, 0.8804490566253662, -4.105916976928711]",Laura Torres
"[-308.80072021484375, 41.40925216674805, 4.6784563064575195, 19.212263107299805, 1.6803721189498901, 8.444445610046387, -13.206171035766602, 0.6263833045959473, -7.199925899505615, 4.631152629852295, -0.980596125125885, -1.5927884578704834, 2.997840642929077, 5.7382307052612305, -5.191604137420654, -1.5908513069152832, -1.2822014093399048, -1.3906792402267456, -0.47150659561157227, 4.994736194610596]",Laura Torres
"[-367.843994140625, 79.93880462646484, 12.351358413696289, -3.5708868503570557, -10.873771667480469, 8.061713218688965, -7.630144119262695, -15.86298656463623, -11.24659538269043, -4.810507297515869, -9.58177661895752, -7.2264533042907715, -10.217121124267578, -6.460268974304199, -5.866883754730225, -0.07497560232877731, -2.9311740398406982, 6.286405563354492, 3.8521671295166016, 16.067298889160156]",Laura Torres
"[-293.5475769042969, 88.40709686279297, -5.913577556610107, 27.804513931274414, -1.0799510478973389, -0.010235377587378025, -12.364625930786133, -9.608078002929688, -4.736586093902588, 0.27813830971717834, -5.670271396636963, -13.487024307250977, -12.20288372039795, -1.579707384109497, -13.079239845275879, 5.8077473640441895, -2.6880714893341064, 0.43910884857177734, -3.3979432582855225, -7.984073638916016]",Laura Torres
"[-352.33721923828125, 114.4971923828125, -5.742938041687012, 36.15239334106445, -1.1510573625564575, -3.6986265182495117, -2.080568552017212, -9.176006317138672, -14.804777145385742, -7.686368465423584, -10.739459037780762, -5.181967258453369, -14.5759859085083, -2.206453800201416, -6.8024725914001465, -10.247906684875488, -3.5308916568756104, -7.192636013031006, -11.295154571533203, -7.00135612487793]",Laura Torres
"[-238.04263305664062, 104.17962646484375, -13.374916076660156, 31.784259796142578, -6.773878574371338, 24.67136001586914, -8.322774887084961, 15.207252502441406, -8.896099090576172, 10.61142635345459, -2.312742233276367, 17.530799865722656, -0.1356695145368576, 19.441768646240234, -0.6697013974189758, 12.008010864257812, -4.577261924743652, 8.786636352539062, -6.733132839202881, 4.760302543640137]",Laura Torres
"[-226.37107849121094, 76.15923309326172, -27.875286102294922, 3.708264112472534, -3.705690860748291, -4.081583499908447, -7.355745792388916, -3.2120728492736816, -7.310347080230713, -5.590682029724121, -8.440794944763184, 4.877694606781006, -8.485848426818848, -4.582076072692871, -2.357239007949829, -4.911631107330322, -13.6320219039917, 0.2989625036716461, -5.867154121398926, -1.1183944940567017]",Laura Torres
"[-364.4803466796875, 105.35138702392578, -2.74780011177063, 31.80257225036621, 6.6845245361328125, -8.248780250549316, -8.605855941772461, -4.001794815063477, -10.555628776550293, -6.10325813293457, -8.603965759277344, -12.893848419189453, -9.813302993774414, 0.0905197337269783, -8.219282150268555, -8.838005065917969, -1.6078823804855347, -6.7693095207214355, -7.64315938949585, -3.1959123611450195]",Laura Torres
"[-306.2218322753906, 52.30528259277344, -7.133185386657715, 9.83252239227295, -5.882447242736816, 12.218351364135742, -14.480631828308105, 2.6467301845550537, -6.23478889465332, -2.1467764377593994, -13.802772521972656, 0.26336103677749634, -1.5186775922775269, -1.0384386777877808, 3.4442646503448486, 5.503144264221191, -3.1372077465057373, 2.255998373031616, -5.795402526855469, 1.9035086631774902]",Laura Torres
"[-228.87615966796875, 61.29270935058594, -12.694561958312988, -17.934675216674805, -13.117643356323242, 11.070709228515625, -7.166645526885986, 1.5587574243545532, -3.9028079509735107, -1.4436856508255005, -7.232069969177246, 0.6761590838432312, -7.507778167724609, -3.955822229385376, -4.883636474609375, 3.2165937423706055, -6.509448528289795, 6.486077785491943, 3.65160870552063, 8.82125186920166]",Laura Torres
"[-181.25875854492188, 65.93324279785156, -0.03439249470829964, 6.815593242645264, -12.837897300720215, 10.732283592224121, -12.056922912597656, 8.686219215393066, 2.7215704917907715, 3.918313980102539, -7.737306118011475, -0.7707265615463257, -1.8173143863677979, 19.893367767333984, 10.112777709960938, 12.16783618927002, -4.855265140533447, -0.7506136298179626, -2.8773531913757324, -1.2237309217453003]",Laura Torres
"[-294.43389892578125, 115.02985382080078, 8.136125564575195, 30.486858367919922, 13.940555572509766, -4.155799865722656, -14.45777702331543, -4.431183338165283, -11.60440731048584, -10.223061561584473, -13.254691123962402, -10.164109230041504, 0.7425705194473267, -9.783201217651367, -0.9897187352180481, 6.79637336730957, -5.92775297164917, -2.8200020790100098, -0.3393561542034149, -4.71666145324707]",Mario Castaeda
"[-200.54782104492188, 113.71635437011719, -18.62030029296875, 29.95168113708496, 10.211334228515625, -1.6062902212142944, -9.593364715576172, -5.676712512969971, -22.024478912353516, -12.800979614257812, -13.659172058105469, -6.516598224639893, 5.261256694793701, -11.853530883789062, -3.8779208660125732, 6.675795555114746, -9.488274574279785, -8.738359451293945, -4.711328506469727, -5.475184917449951]",Mario Castaeda
"[-203.37806701660156, 63.98231887817383, -11.491156578063965, 3.3917484283447266, 8.410901069641113, -7.588541507720947, -10.86308765411377, -8.62049388885498, -23.581823348999023, -15.557477951049805, -16.01719093322754, -8.327703475952148, -6.753970146179199, -9.528870582580566, -7.350664138793945, 3.1462156772613525, -14.422945022583008, -10.64522933959961, -5.665328502655029, -11.423068046569824]",Mario Castaeda
"[-230.06800842285156, 131.36134338378906, -18.10819435119629, 38.140869140625, 8.415246963500977, 7.797569751739502, -5.268764019012451, 6.740853309631348, -6.358057498931885, 0.30111008882522583, -9.192184448242188, -1.9213234186172485, -3.081916093826294, -8.397706985473633, -3.306856393814087, -1.5176312923431396, -11.493339538574219, -4.850921154022217, -7.021816253662109, -4.197079658508301]",Mario Castaeda
"[-177.6854705810547, 105.9264907836914, -28.581907272338867, 29.705501556396484, 5.385887622833252, -12.172491073608398, -15.096792221069336, -2.706382989883423, -19.55144691467285, -10.139582633972168, -8.488588333129883, -8.105743408203125, 2.523972749710083, -10.146347045898438, -2.016791820526123, 6.9206647872924805, -7.989618301391602, -9.61246109008789, -4.335433483123779, -5.387476444244385]",Mario Castaeda
"[-269.5652160644531, 94.4072494506836, -4.008588790893555, 26.990095138549805, -0.2980397641658783, 16.53936004638672, -17.558372497558594, -8.844855308532715, 0.3558522164821625, -5.902760028839111, -3.0279126167297363, 0.3332778215408325, -0.6640604138374329, -0.6146414279937744, -4.743057727813721, 0.47177448868751526, 0.1333872526884079, 4.323643684387207, -10.659757614135742, 2.1471145153045654]",Quintn Bulnes
"[-397.4068298339844, 164.5294647216797, -81.74214935302734, 26.525651931762695, -7.29981803894043, 6.389472484588623, -5.626465797424316, -11.867873191833496, 4.432444095611572, -16.45724868774414, 11.225730895996094, 0.08559271693229675, -3.446920871734619, 0.1328524649143219, -11.361574172973633, 5.202542304992676, -7.857106685638428, -2.3023605346679688, 2.255772829055786, -4.094241142272949]",Quintn Bulnes
"[-276.725341796875, 126.33401489257812, -32.607765197753906, 23.174365997314453, 0.22145676612854004, 3.2914557456970215, -8.739489555358887, -5.125420570373535, -10.606241226196289, -13.199475288391113, -4.750835418701172, -6.462223529815674, -1.9381952285766602, 4.0650224685668945, 2.109391927719116, 1.9594416618347168, -0.5662937760353088, 4.310177326202393, -4.617008209228516, 1.3318947553634644]",Quintn Bulnes
"[-304.5855712890625, 89.87208557128906, -52.777217864990234, 1.765857219696045, -8.964613914489746, -16.657888412475586, -12.589548110961914, -5.834461688995361, -12.548364639282227, -7.215475559234619, -0.7563518285751343, -2.3344855308532715, -3.34669828414917, 0.8574140071868896, -3.013859272003174, -2.873619318008423, -2.5866198539733887, 1.1089112758636475, -3.524881362915039, 3.50172758102417]",Quintn Bulnes
"[-223.71875, 112.60057830810547, -60.01204299926758, 26.573333740234375, -5.402083873748779, -6.881394386291504, -13.574732780456543, -10.859785079956055, -5.654586315155029, -4.413788318634033, -6.139037609100342, 6.2028398513793945, 1.5490407943725586, -4.60261344909668, -3.392214298248291, -0.5718494057655334, -8.801739692687988, -1.5572766065597534, -0.4491419494152069, 0.4306093454360962]",Quintn Bulnes
"[-253.7913818359375, 134.7461700439453, -80.17864990234375, 15.782998085021973, -32.16724395751953, 19.981843948364258, -17.126256942749023, 8.41980266571045, -7.4745612144470215, -2.0171632766723633, -0.9377924799919128, -5.554706573486328, 2.6456191539764404, -2.275498628616333, 8.340694427490234, 0.5932359099388123, 2.4157938957214355, -3.448556661605835, 2.5485339164733887, -1.9671119451522827]",Quintn Bulnes
"[-316.3382873535156, 78.01880645751953, -78.1924057006836, -3.305750608444214, -2.636679172515869, 4.076291084289551, -14.742459297180176, 11.335501670837402, 1.2843233346939087, 7.470941543579102, 0.9612406492233276, 7.150811672210693, -7.854511260986328, -2.0808331966400146, -3.9280881881713867, 5.864786624908447, -4.424076080322266, 5.806680679321289, -5.181905269622803, 4.922146320343018]",Quintn Bulnes
"[-312.87420654296875, 73.85257720947266, -59.57632827758789, 92.71330261230469, -33.140316009521484, 8.653388977050781, -47.707611083984375, -2.016434669494629, -8.692056655883789, 4.0367865562438965, -2.3244314193725586, -18.397336959838867, -4.430006504058838, -9.41424560546875, -0.7055451273918152, -3.321568489074707, -0.23738282918930054, -5.796814441680908, -0.03639848530292511, -8.414615631103516]",Quintn Bulnes
"[-274.8713073730469, 158.90762329101562, -68.96665954589844, 22.819576263427734, -2.4513542652130127, 1.3708873987197876, -3.515237808227539, -8.612601280212402, 3.3470120429992676, -4.188378810882568, 2.5529961585998535, -2.0225517749786377, 0.9953263998031616, -4.515068054199219, -7.733223915100098, 2.4656691551208496, 0.46223214268684387, 2.379181146621704, 2.208890438079834, 2.864325523376465]",Quintn Bulnes
"[-218.1770782470703, 106.71942138671875, -57.19013977050781, 32.60565948486328, -6.518473148345947, -10.755916595458984, -10.159059524536133, 2.261025905609131, -2.9959826469421387, -6.4071173667907715, -4.436015605926514, 4.732285022735596, -3.2164201736450195, -5.508283615112305, -3.6040260791778564, -2.0124754905700684, -6.283619403839111, -0.2515470087528229, -3.4664463996887207, -2.8990390300750732]",Quintn Bulnes
"[-299.75634765625, 136.60211181640625, -48.06631851196289, 10.891304016113281, -6.700336933135986, 0.9625039100646973, -18.143470764160156, -4.328488826751709, -8.104595184326172, -3.76469349861145, -6.852523326873779, 0.15645866096019745, -0.3937135934829712, -2.3315393924713135, -1.9003783464431763, 1.4998236894607544, -4.124004364013672, -2.930870294570923, -4.5033345222473145, -0.6863096356391907]",Quintn Bulnes
"[-219.08004760742188, 151.33984375, -70.29734802246094, 16.649837493896484, -6.0141448974609375, -5.6746015548706055, -8.06650161743164, -4.308877944946289, -2.5752949714660645, -1.4751404523849487, -8.154085159301758, 0.5778398513793945, 2.549630641937256, 1.4165788888931274, -3.0670716762542725, 1.901523470878601, -5.366340637207031, -3.4930198192596436, -3.3366756439208984, -1.2295669317245483]",Quintn Bulnes
"[-318.8384704589844, 59.50421905517578, -24.388696670532227, 37.844886779785156, -4.45058536529541, 0.809060275554657, -6.102764129638672, -27.741844177246094, -18.34086036682129, 4.5947771072387695, -8.969551086425781, 5.520425796508789, 1.1765813827514648, 3.734443187713623, 0.7518779039382935, -1.2256407737731934, -8.818360328674316, 0.6699946522712708, -11.842637062072754, -3.1677207946777344]",Quintn Bulnes
"[-227.46658325195312, 153.98727416992188, -6.282083988189697, 13.567198753356934, 4.521300315856934, -1.9647884368896484, -14.045701026916504, -7.619274139404297, -15.024672508239746, -18.676185607910156, -12.770216941833496, -2.2032735347747803, -1.408673882484436, -6.778367519378662, -3.9333584308624268, 2.773982286453247, -3.380192518234253, -9.884777069091797, 0.8904808759689331, -3.9670774936676025]",Rene Garcia
"[-190.95774841308594, 122.4046859741211, -7.84512996673584, 19.372997283935547, -4.112273693084717, 3.6634342670440674, -7.217196941375732, -3.5514330863952637, -14.64858627319336, -16.015958786010742, -13.03579330444336, -1.230629563331604, -5.171635150909424, -2.902981758117676, -5.804958343505859, 0.9158730506896973, -5.078876972198486, -8.517715454101562, 0.8067272901535034, -5.069128036499023]",Rene Garcia
"[-206.60658264160156, 140.0809783935547, -19.383638381958008, 18.552738189697266, 9.723381042480469, 3.4379329681396484, -7.847917556762695, -6.638958930969238, -17.011795043945312, -14.529217720031738, -16.043336868286133, -6.798004627227783, -5.283156871795654, -8.56747817993164, -4.728755474090576, -3.886244535446167, -5.674430847167969, -7.6704277992248535, -2.7295656204223633, -1.1522821187973022]",Rene Garcia
"[-217.8555450439453, 123.97396087646484, -4.202188968658447, 26.244482040405273, -0.06413169950246811, -0.5080777406692505, -11.558795928955078, -7.0356316566467285, -16.85820198059082, -13.388113975524902, -17.000282287597656, -3.974679708480835, 3.241823196411133, -5.339439868927002, -2.22778582572937, 0.9004812836647034, -4.367483139038086, -5.969506740570068, -1.4692381620407104, -5.104867935180664]",Rene Garcia
"[-238.02467346191406, 114.41390991210938, 3.0564587116241455, 25.104896545410156, 9.094193458557129, -8.46965217590332, -17.868459701538086, -5.318225860595703, -13.52490234375, -12.191020011901855, -12.839767456054688, -4.665304183959961, 2.4821596145629883, -1.7353181838989258, -4.094686508178711, -1.0983558893203735, -5.718875885009766, -8.821307182312012, -3.9976418018341064, -5.74941873550415]",Rene Garcia
"[-195.31849670410156, 129.740966796875, -22.43950843811035, 7.34343147277832, -9.818729400634766, -5.114035606384277, -6.119865417480469, -1.0063179731369019, -13.625204086303711, -6.639708042144775, -6.071972370147705, -0.2576092481613159, -3.9093353748321533, -5.514279842376709, -8.637033462524414, -0.9604198932647705, -3.7838807106018066, -6.324714660644531, 0.3499322831630707, -5.953546524047852]",Rene Garcia
"[-235.32925415039062, 146.53199768066406, -0.8386196494102478, 7.044600486755371, -4.827917098999023, -1.420437216758728, -8.021109580993652, -3.361577033996582, -13.029765129089355, -18.036466598510742, -10.574151039123535, 0.7513793706893921, -7.702500343322754, -7.398824691772461, -7.310391902923584, -5.425427436828613, -3.291471481323242, -7.156605243682861, -0.581653892993927, -3.9097230434417725]",Rene Garcia
"[-279.2378234863281, 87.64183807373047, 3.2013466358184814, 28.156044006347656, 13.70913314819336, 0.09114280343055725, -14.082027435302734, -12.082321166992188, -16.412702560424805, -14.825887680053711, -13.235358238220215, -13.765957832336426, -12.716893196105957, -4.256855010986328, -10.446986198425293, -3.4329209327697754, -13.992350578308105, -3.4766592979431152, -5.864698886871338, -10.71218490600586]",Victor Ugarte
"[-327.0481262207031, 47.66828918457031, -3.4594523906707764, 10.063676834106445, 1.357801079750061, 0.7601308226585388, -13.96239948272705, -14.76467227935791, -14.333600997924805, -8.929582595825195, -9.907891273498535, -11.14380168914795, -9.193647384643555, -0.3207682967185974, -6.496306419372559, -3.982363224029541, -8.928218841552734, -5.604246616363525, -9.52193546295166, -6.870726108551025]",Victor Ugarte
"[-245.91134643554688, 88.96473693847656, 5.280426979064941, 26.42381477355957, 11.991612434387207, -7.059717178344727, -5.037464141845703, -7.911067485809326, -20.579862594604492, -9.959895133972168, -12.445704460144043, -17.75582504272461, -8.754037857055664, -1.1576892137527466, -6.909134864807129, -3.213174819946289, -6.702574253082275, -7.472836017608643, -8.661700248718262, -10.058597564697266]",Victor Ugarte
"[-350.182861328125, 79.5424575805664, 10.495172500610352, 14.1820707321167, 10.945812225341797, -5.853638648986816, 2.5000369548797607, -1.622721791267395, -13.683703422546387, -4.264161586761475, -5.886403560638428, -5.506916046142578, -5.818577766418457, -0.4212201237678528, -1.2731460332870483, -2.596306800842285, -5.041440486907959, -2.0798778533935547, -3.2263574600219727, -2.6335272789001465]",Victor Ugarte
"[-245.25677490234375, 107.66004180908203, 11.094762802124023, 15.999524116516113, 9.766271591186523, 6.141917705535889, -7.986313819885254, -9.380078315734863, -18.007125854492188, -9.905673027038574, -5.148137092590332, -7.792790412902832, -6.126357555389404, -6.514490604400635, -5.402088642120361, -6.798698902130127, -10.881658554077148, -3.282032012939453, -6.456916332244873, -8.000018119812012]",Victor Ugarte
"[-396.9686584472656, 64.10688018798828, 11.922931671142578, 13.194260597229004, 11.382722854614258, 0.32396191358566284, 0.9657498598098755, -4.887182712554932, -5.150899410247803, -3.3097052574157715, -3.968320608139038, -4.795741081237793, -7.803544044494629, -0.37348681688308716, -2.464660406112671, -5.6452531814575195, -3.695810556411743, -1.1521406173706055, -4.312188625335693, -1.9080816507339478]",Victor Ugarte
"[-356.74322509765625, 72.61066436767578, -8.565361976623535, 10.613713264465332, 13.539934158325195, -9.798840522766113, -1.5652430057525635, -5.282404899597168, -13.898242950439453, -4.310188293457031, -5.835136890411377, -6.326643943786621, -4.289648056030273, -4.836263179779053, -5.257081985473633, 1.789726734161377, -10.017288208007812, -4.765065670013428, -1.7397832870483398, -7.100138187408447]",Victor Ugarte
"[-245.68203735351562, 98.78631591796875, 14.401612281799316, 29.89527130126953, 13.600080490112305, -5.106595993041992, -9.491146087646484, -9.0355806350708, -19.79138946533203, -14.68857479095459, -9.657268524169922, -10.54788875579834, -9.156384468078613, -2.655198097229004, -7.534574031829834, -1.0193383693695068, -10.797715187072754, -4.5912089347839355, -7.793276309967041, -7.093282222747803]",Victor Ugarte
"[-259.6230163574219, 101.9452133178711, 9.587196350097656, 12.770476341247559, 9.82296371459961, -9.03227424621582, -3.8582239151000977, -5.116572380065918, -23.79570960998535, -12.440464973449707, -10.732193946838379, -7.200015544891357, -9.094078063964844, -5.276609420776367, -5.714664459228516, 0.07734246551990509, -10.905088424682617, -4.586377143859863, -6.647715091705322, -6.787839889526367]",Victor Ugarte
"[-270.1754150390625, 49.12627410888672, -1.3092989921569824, 5.574223041534424, 9.133393287658691, 0.37592726945877075, -3.1116080284118652, -4.55213737487793, -15.359386444091797, -4.448062419891357, -9.803624153137207, -3.945408344268799, -11.168254852294922, -1.2092275619506836, -2.9350926876068115, -3.256791353225708, -7.171404838562012, -4.577615737915039, -6.906332492828369, -3.270170211791992]",Victor Ugarte
"[-333.2552185058594, 90.38949584960938, 10.109404563903809, 20.258745193481445, 18.839359283447266, 1.5068342685699463, -2.6507675647735596, -9.97609806060791, -16.24482536315918, -7.789417266845703, -5.325453758239746, -5.911640167236328, -5.8413615226745605, -7.4448113441467285, -2.8447024822235107, -3.8287413120269775, -7.331546306610107, -3.359283208847046, -7.074586391448975, -4.137632846832275]",Victor Ugarte
"[-281.8608093261719, 81.18032836914062, 11.499465942382812, 21.143909454345703, 16.872730255126953, 1.0852044820785522, -4.176501750946045, -6.322124481201172, -12.888876914978027, -3.2066025733947754, -4.450809478759766, -5.060633659362793, -9.147083282470703, -2.582815647125244, -4.442441463470459, -5.4761643409729, -6.6958699226379395, -0.5886334776878357, -4.998752117156982, -4.670785427093506]",Victor Ugarte
"[-250.96633911132812, 80.05375671386719, 14.834197044372559, 18.570417404174805, 12.145493507385254, -2.0691614151000977, -8.398672103881836, -6.460345268249512, -16.99601936340332, -11.030004501342773, -10.633989334106445, -8.805037498474121, -6.267963886260986, -3.36655592918396, -7.893959999084473, -1.1832807064056396, -10.038724899291992, -3.6645612716674805, -5.3717827796936035, -6.17844295501709]",Victor Ugarte
"[-218.24732971191406, 102.39591217041016, 11.76212215423584, 18.542736053466797, 12.324198722839355, -5.198159694671631, -6.681317329406738, -10.751114845275879, -23.09689712524414, -10.669678688049316, -12.783989906311035, -7.198379993438721, -6.714731693267822, -6.872775554656982, -6.412220478057861, 0.7377282381057739, -13.628613471984863, -4.6725006103515625, -7.889540672302246, -7.333022117614746]",Victor Ugarte
"[-237.65655517578125, 102.44377899169922, 4.49342679977417, 21.78630828857422, 11.55677604675293, -11.484002113342285, -2.523376703262329, -11.2000093460083, -24.219112396240234, -8.123373031616211, -11.195319175720215, -13.075919151306152, -3.257875919342041, -5.231455326080322, -5.322089195251465, 1.3810255527496338, -14.558267593383789, -3.9168570041656494, -6.787745952606201, -7.651252746582031]",Victor Ugarte
"[-252.2819061279297, 85.53889465332031, -27.181049346923828, -7.733666896820068, -30.42576789855957, -17.099489212036133, -25.92776870727539, -15.049015045166016, -26.3684024810791, -30.757884979248047, -10.125672340393066, -11.680325508117676, -18.106611251831055, -2.8071999549865723, -11.557942390441895, -6.468754291534424, -0.44743677973747253, -4.992396354675293, 1.9465481042861938, 8.644514083862305]",Victor Ugarte
"[-346.64617919921875, 79.81193542480469, 7.355776309967041, 12.858283996582031, 10.55930233001709, -1.7027828693389893, -2.5289061069488525, -6.954535484313965, -14.32856559753418, -7.705331802368164, -4.903281211853027, -4.895345211029053, -6.849348545074463, -1.022585391998291, -2.2654647827148438, 0.2152661830186844, -6.322840690612793, -2.5844814777374268, -6.149555206298828, -2.763129234313965]",Victor Ugarte